2026-07-28 05:56:24,444 1 INFO ? odoo: Odoo version 17.0-20260630 
2026-07-28 05:56:24,445 1 INFO ? odoo: Using configuration file at /etc/odoo/odoo.conf 
2026-07-28 05:56:24,446 1 INFO ? odoo: addons paths: ['/usr/lib/python3/dist-packages/odoo/addons', '/var/lib/odoo/addons/17.0', '/mnt/extra-addons'] 
2026-07-28 05:56:24,446 1 INFO ? odoo: database: odoo@db:5432 
2026-07-28 05:56:26,299 1 INFO ? odoo.addons.base.models.ir_actions_report: Will use the Wkhtmltopdf binary at /usr/local/bin/wkhtmltopdf 
2026-07-28 05:56:28,517 1 INFO ? odoo.service.server: HTTP service (werkzeug) running on 29cf0c10ec3c:8069 
2026-07-28 05:56:28,532 1 INFO purchase_product_optional_test odoo.modules.loading: init db 
2026-07-28 05:56:31,403 1 INFO purchase_product_optional_test odoo.modules.loading: loading 1 modules... 
2026-07-28 05:56:31,409 1 INFO purchase_product_optional_test odoo.modules.loading: Loading module base (1/1) 
2026-07-28 05:56:31,428 1 INFO purchase_product_optional_test odoo.modules.registry: module base: creating or updating database tables 
2026-07-28 05:56:32,759 1 INFO purchase_product_optional_test odoo.models: Prepare computation of ir.module.module.menus_by_module 
2026-07-28 05:56:32,760 1 INFO purchase_product_optional_test odoo.models: Prepare computation of ir.module.module.reports_by_module 
2026-07-28 05:56:32,760 1 INFO purchase_product_optional_test odoo.models: Prepare computation of ir.module.module.views_by_module 
2026-07-28 05:56:33,330 1 INFO purchase_product_optional_test odoo.models: Prepare computation of res.partner.user_id 
2026-07-28 05:56:33,338 1 INFO purchase_product_optional_test odoo.models: Prepare computation of res.partner.commercial_partner_id 
2026-07-28 05:56:33,343 1 INFO purchase_product_optional_test odoo.models: Prepare computation of res.partner.complete_name 
2026-07-28 05:56:33,354 1 INFO purchase_product_optional_test odoo.models: Prepare computation of res.partner.company_registry 
2026-07-28 05:56:33,355 1 INFO purchase_product_optional_test odoo.models: Prepare computation of res.partner.commercial_company_name 
2026-07-28 05:56:33,356 1 INFO purchase_product_optional_test odoo.models: Prepare computation of res.partner.partner_share 
2026-07-28 05:56:33,840 1 INFO purchase_product_optional_test odoo.models: Prepare computation of res.currency.decimal_places 
2026-07-28 05:56:33,895 1 INFO purchase_product_optional_test odoo.models: Prepare computation of res.company.uses_default_logo 
2026-07-28 05:56:33,896 1 INFO purchase_product_optional_test odoo.models: Prepare computation of res.company.logo_web 
2026-07-28 05:56:33,899 1 INFO purchase_product_optional_test odoo.models: Computing parent_path for table res_company... 
2026-07-28 05:56:34,091 1 INFO purchase_product_optional_test odoo.models: Prepare computation of res.users.signature 
2026-07-28 05:56:34,093 1 INFO purchase_product_optional_test odoo.models: Prepare computation of res.users.share 
2026-07-28 05:56:36,625 1 INFO purchase_product_optional_test odoo.modules.loading: loading base/data/res_bank.xml 
2026-07-28 05:56:36,632 1 INFO purchase_product_optional_test odoo.modules.loading: loading base/data/res.lang.csv 
2026-07-28 05:56:36,657 1 INFO purchase_product_optional_test odoo.modules.loading: loading base/data/res_lang_data.xml 
2026-07-28 05:56:36,686 1 INFO purchase_product_optional_test odoo.modules.loading: loading base/data/res_partner_data.xml 
2026-07-28 05:56:36,728 1 INFO purchase_product_optional_test odoo.modules.loading: loading base/data/res_currency_data.xml 
2026-07-28 05:56:37,052 1 INFO purchase_product_optional_test odoo.modules.loading: loading base/data/res_company_data.xml 
2026-07-28 05:56:37,062 1 INFO purchase_product_optional_test odoo.modules.loading: loading base/data/res_users_data.xml 
2026-07-28 05:56:37,633 1 INFO purchase_product_optional_test odoo.modules.loading: loading base/data/report_paperformat_data.xml 
2026-07-28 05:56:37,645 1 INFO purchase_product_optional_test odoo.modules.loading: loading base/data/res_country_data.xml 
2026-07-28 05:56:37,899 1 INFO purchase_product_optional_test odoo.modules.loading: loading base/data/ir_demo_data.xml 
2026-07-28 05:56:37,907 1 INFO purchase_product_optional_test odoo.modules.loading: loading base/security/base_groups.xml 
2026-07-28 05:56:38,970 1 INFO purchase_product_optional_test odoo.modules.loading: loading base/security/base_security.xml 
2026-07-28 05:56:39,037 1 INFO purchase_product_optional_test odoo.modules.loading: loading base/views/base_menus.xml 
2026-07-28 05:56:39,092 1 INFO purchase_product_optional_test odoo.modules.loading: loading base/views/decimal_precision_views.xml 
2026-07-28 05:56:39,113 1 INFO purchase_product_optional_test odoo.modules.loading: loading base/views/res_config_views.xml 
2026-07-28 05:56:39,132 1 INFO purchase_product_optional_test odoo.modules.loading: loading base/data/res.country.state.csv 
2026-07-28 05:56:39,366 1 INFO purchase_product_optional_test odoo.modules.loading: loading base/views/ir_actions_views.xml 
2026-07-28 05:56:39,434 1 INFO purchase_product_optional_test odoo.modules.loading: loading base/views/ir_asset_views.xml 
2026-07-28 05:56:39,445 1 INFO purchase_product_optional_test odoo.modules.loading: loading base/views/ir_config_parameter_views.xml 
2026-07-28 05:56:39,458 1 INFO purchase_product_optional_test odoo.modules.loading: loading base/views/ir_cron_views.xml 
2026-07-28 05:56:39,486 1 INFO purchase_product_optional_test odoo.modules.loading: loading base/views/ir_cron_trigger_views.xml 
2026-07-28 05:56:39,500 1 INFO purchase_product_optional_test odoo.modules.loading: loading base/views/ir_filters_views.xml 
2026-07-28 05:56:39,514 1 INFO purchase_product_optional_test odoo.modules.loading: loading base/views/ir_mail_server_views.xml 
2026-07-28 05:56:39,531 1 INFO purchase_product_optional_test odoo.modules.loading: loading base/views/ir_model_views.xml 
2026-07-28 05:56:39,612 1 INFO purchase_product_optional_test odoo.modules.loading: loading base/views/ir_attachment_views.xml 
2026-07-28 05:56:39,638 1 INFO purchase_product_optional_test odoo.modules.loading: loading base/views/ir_rule_views.xml 
2026-07-28 05:56:39,653 1 INFO purchase_product_optional_test odoo.modules.loading: loading base/views/ir_sequence_views.xml 
2026-07-28 05:56:39,664 1 INFO purchase_product_optional_test odoo.modules.loading: loading base/views/ir_ui_menu_views.xml 
2026-07-28 05:56:39,676 1 INFO purchase_product_optional_test odoo.modules.loading: loading base/views/ir_ui_view_views.xml 
2026-07-28 05:56:39,704 1 INFO purchase_product_optional_test odoo.modules.loading: loading base/views/ir_default_views.xml 
2026-07-28 05:56:39,715 1 INFO purchase_product_optional_test odoo.modules.loading: loading base/data/ir_cron_data.xml 
2026-07-28 05:56:39,727 1 INFO purchase_product_optional_test odoo.modules.loading: loading base/report/ir_model_report.xml 
2026-07-28 05:56:39,730 1 INFO purchase_product_optional_test odoo.modules.loading: loading base/report/ir_model_templates.xml 
2026-07-28 05:56:39,735 1 INFO purchase_product_optional_test odoo.modules.loading: loading base/views/ir_logging_views.xml 
2026-07-28 05:56:39,745 1 INFO purchase_product_optional_test odoo.modules.loading: loading base/views/ir_qweb_widget_templates.xml 
2026-07-28 05:56:39,754 1 INFO purchase_product_optional_test odoo.modules.loading: loading base/views/ir_module_views.xml 
2026-07-28 05:56:39,780 1 INFO purchase_product_optional_test odoo.modules.loading: loading base/data/ir_module_category_data.xml 
2026-07-28 05:56:39,819 1 INFO purchase_product_optional_test odoo.modules.loading: loading base/data/ir_module_module.xml 
2026-07-28 05:56:39,860 1 INFO purchase_product_optional_test odoo.modules.loading: loading base/report/ir_module_reports.xml 
2026-07-28 05:56:39,868 1 INFO purchase_product_optional_test odoo.modules.loading: loading base/report/ir_module_report_templates.xml 
2026-07-28 05:56:39,884 1 INFO purchase_product_optional_test odoo.modules.loading: loading base/wizard/base_module_update_views.xml 
2026-07-28 05:56:39,898 1 INFO purchase_product_optional_test odoo.modules.loading: loading base/wizard/base_language_install_views.xml 
2026-07-28 05:56:39,906 1 INFO purchase_product_optional_test odoo.modules.loading: loading base/wizard/base_import_language_views.xml 
2026-07-28 05:56:39,913 1 INFO purchase_product_optional_test odoo.modules.loading: loading base/wizard/base_module_upgrade_views.xml 
2026-07-28 05:56:39,927 1 INFO purchase_product_optional_test odoo.modules.loading: loading base/wizard/base_module_uninstall_views.xml 
2026-07-28 05:56:39,936 1 INFO purchase_product_optional_test odoo.modules.loading: loading base/wizard/base_export_language_views.xml 
2026-07-28 05:56:39,947 1 INFO purchase_product_optional_test odoo.modules.loading: loading base/wizard/base_partner_merge_views.xml 
2026-07-28 05:56:39,955 1 INFO purchase_product_optional_test odoo.modules.loading: loading base/data/ir_demo_failure_data.xml 
2026-07-28 05:56:39,969 1 INFO purchase_product_optional_test odoo.modules.loading: loading base/views/ir_profile_views.xml 
2026-07-28 05:56:39,982 1 INFO purchase_product_optional_test odoo.modules.loading: loading base/views/res_company_views.xml 
2026-07-28 05:56:40,001 1 INFO purchase_product_optional_test odoo.modules.loading: loading base/views/res_lang_views.xml 
2026-07-28 05:56:40,015 1 INFO purchase_product_optional_test odoo.modules.loading: loading base/views/res_partner_views.xml 
2026-07-28 05:56:40,073 1 INFO purchase_product_optional_test odoo.modules.loading: loading base/views/res_bank_views.xml 
2026-07-28 05:56:40,097 1 INFO purchase_product_optional_test odoo.modules.loading: loading base/views/res_country_views.xml 
2026-07-28 05:56:40,124 1 INFO purchase_product_optional_test odoo.modules.loading: loading base/views/res_currency_views.xml 
2026-07-28 05:56:40,144 1 INFO purchase_product_optional_test odoo.modules.loading: loading base/views/res_users_views.xml 
2026-07-28 05:56:40,206 1 INFO purchase_product_optional_test odoo.modules.loading: loading base/views/res_users_identitycheck_views.xml 
2026-07-28 05:56:40,212 1 INFO purchase_product_optional_test odoo.modules.loading: loading base/views/ir_property_views.xml 
2026-07-28 05:56:40,223 1 INFO purchase_product_optional_test odoo.modules.loading: loading base/views/res_config_settings_views.xml 
2026-07-28 05:56:40,228 1 INFO purchase_product_optional_test odoo.modules.loading: loading base/views/report_paperformat_views.xml 
2026-07-28 05:56:40,244 1 INFO purchase_product_optional_test odoo.modules.loading: loading base/security/ir.model.access.csv 
2026-07-28 05:56:40,311 1 INFO purchase_product_optional_test odoo.modules.loading: Module base: loading demo 
2026-07-28 05:56:40,316 1 INFO purchase_product_optional_test odoo.modules.loading: loading base/data/res_users_demo.xml 
2026-07-28 05:56:41,246 1 INFO purchase_product_optional_test odoo.modules.loading: loading base/data/res_partner_bank_demo.xml 
2026-07-28 05:56:41,261 1 INFO purchase_product_optional_test odoo.modules.loading: loading base/data/res_currency_demo.xml 
2026-07-28 05:56:41,269 1 INFO purchase_product_optional_test odoo.modules.loading: loading base/data/res_currency_rate_demo.xml 
2026-07-28 05:56:41,445 1 INFO purchase_product_optional_test odoo.modules.loading: loading base/data/res_bank_demo.xml 
2026-07-28 05:56:41,450 1 INFO purchase_product_optional_test odoo.modules.loading: loading base/data/res_partner_demo.xml 
2026-07-28 05:56:41,670 1 INFO purchase_product_optional_test odoo.modules.loading: loading base/data/res_partner_image_demo.xml 
2026-07-28 05:56:42,972 1 INFO purchase_product_optional_test odoo.modules.loading: Module base loaded in 11.56s, 9089 queries (+9089 other) 
2026-07-28 05:56:43,208 1 INFO purchase_product_optional_test odoo.modules.loading: 1 modules loaded in 11.80s, 9089 queries (+9089 extra) 
2026-07-28 05:56:43,229 1 INFO purchase_product_optional_test odoo.modules.loading: updating modules list 
2026-07-28 05:56:43,231 1 INFO purchase_product_optional_test odoo.addons.base.models.ir_module: ALLOW access to module.update_list on [] to user __system__ #1 via n/a 
2026-07-28 05:56:43,561 1 INFO purchase_product_optional_test odoo.addons.base.models.ir_module: ALLOW access to module.button_install on ['Purchase Product Optional'] to user __system__ #1 via n/a 
2026-07-28 05:56:43,670 1 INFO purchase_product_optional_test odoo.modules.loading: loading 56 modules... 
2026-07-28 05:56:43,671 1 INFO purchase_product_optional_test odoo.modules.loading: Loading module uom (2/56) 
2026-07-28 05:56:43,763 1 INFO purchase_product_optional_test odoo.modules.registry: module uom: creating or updating database tables 
2026-07-28 05:56:44,022 1 INFO purchase_product_optional_test odoo.modules.loading: loading uom/data/uom_data.xml 
2026-07-28 05:56:44,091 1 INFO purchase_product_optional_test odoo.modules.loading: loading uom/security/uom_security.xml 
2026-07-28 05:56:44,112 1 INFO purchase_product_optional_test odoo.modules.loading: loading uom/security/ir.model.access.csv 
2026-07-28 05:56:44,127 1 INFO purchase_product_optional_test odoo.modules.loading: loading uom/views/uom_uom_views.xml 
2026-07-28 05:56:44,297 1 INFO purchase_product_optional_test odoo.modules.loading: Module uom loaded in 0.63s, 287 queries (+287 other) 
2026-07-28 05:56:44,298 1 INFO purchase_product_optional_test odoo.modules.loading: Loading module web (3/56) 
2026-07-28 05:56:44,311 1 INFO purchase_product_optional_test odoo.modules.registry: module web: creating or updating database tables 
2026-07-28 05:56:44,688 1 INFO purchase_product_optional_test odoo.modules.loading: loading web/security/ir.model.access.csv 
2026-07-28 05:56:44,707 1 INFO purchase_product_optional_test odoo.modules.loading: loading web/views/webclient_templates.xml 
2026-07-28 05:56:44,761 1 INFO purchase_product_optional_test odoo.modules.loading: loading web/views/report_templates.xml 
2026-07-28 05:56:44,813 1 INFO purchase_product_optional_test odoo.modules.loading: loading web/views/base_document_layout_views.xml 
2026-07-28 05:56:44,827 1 INFO purchase_product_optional_test odoo.modules.loading: loading web/views/partner_view.xml 
2026-07-28 05:56:44,832 1 INFO purchase_product_optional_test odoo.modules.loading: loading web/views/speedscope_template.xml 
2026-07-28 05:56:44,843 1 INFO purchase_product_optional_test odoo.modules.loading: loading web/views/neutralize_views.xml 
2026-07-28 05:56:44,850 1 INFO purchase_product_optional_test odoo.modules.loading: loading web/data/ir_attachment.xml 
2026-07-28 05:56:44,862 1 INFO purchase_product_optional_test odoo.modules.loading: loading web/data/report_layout.xml 
2026-07-28 05:56:46,099 1 INFO purchase_product_optional_test odoo.modules.loading: Module web loaded in 1.80s, 1018 queries (+1018 other) 
2026-07-28 05:56:46,101 1 INFO purchase_product_optional_test odoo.modules.loading: Loading module auth_totp (4/56) 
2026-07-28 05:56:46,238 1 INFO purchase_product_optional_test odoo.modules.registry: module auth_totp: creating or updating database tables 
2026-07-28 05:56:46,491 1 INFO purchase_product_optional_test odoo.modules.loading: loading auth_totp/security/security.xml 
2026-07-28 05:56:46,519 1 INFO purchase_product_optional_test odoo.modules.loading: loading auth_totp/security/ir.model.access.csv 
2026-07-28 05:56:46,528 1 INFO purchase_product_optional_test odoo.modules.loading: loading auth_totp/data/ir_action_data.xml 
2026-07-28 05:56:46,534 1 INFO purchase_product_optional_test odoo.modules.loading: loading auth_totp/views/res_users_views.xml 
2026-07-28 05:56:46,552 1 INFO purchase_product_optional_test odoo.modules.loading: loading auth_totp/views/templates.xml 
2026-07-28 05:56:46,557 1 INFO purchase_product_optional_test odoo.modules.loading: loading auth_totp/wizard/auth_totp_wizard_views.xml 
2026-07-28 05:56:46,586 1 INFO purchase_product_optional_test odoo.modules.loading: Module auth_totp loaded in 0.49s, 179 queries (+179 other) 
2026-07-28 05:56:46,587 1 INFO purchase_product_optional_test odoo.modules.loading: Loading module base_import (5/56) 
2026-07-28 05:56:46,681 1 INFO purchase_product_optional_test odoo.modules.registry: module base_import: creating or updating database tables 
2026-07-28 05:56:47,142 1 INFO purchase_product_optional_test odoo.modules.loading: loading base_import/security/ir.model.access.csv 
2026-07-28 05:56:47,212 1 INFO purchase_product_optional_test odoo.modules.loading: Module base_import loaded in 0.62s, 830 queries (+830 other) 
2026-07-28 05:56:47,214 1 INFO purchase_product_optional_test odoo.modules.loading: Loading module base_import_module (6/56) 
2026-07-28 05:56:47,252 1 INFO purchase_product_optional_test odoo.modules.registry: module base_import_module: creating or updating database tables 
2026-07-28 05:56:47,312 1 INFO purchase_product_optional_test odoo.modules.loading: loading base_import_module/security/ir.model.access.csv 
2026-07-28 05:56:47,324 1 INFO purchase_product_optional_test odoo.modules.loading: loading base_import_module/views/base_import_module_view.xml 
2026-07-28 05:56:47,345 1 INFO purchase_product_optional_test odoo.modules.loading: loading base_import_module/views/ir_module_views.xml 
2026-07-28 05:56:47,437 1 INFO purchase_product_optional_test odoo.modules.loading: Module base_import_module loaded in 0.22s, 154 queries (+154 other) 
2026-07-28 05:56:47,440 1 INFO purchase_product_optional_test odoo.modules.loading: Loading module base_setup (7/56) 
2026-07-28 05:56:47,484 1 INFO purchase_product_optional_test odoo.modules.registry: module base_setup: creating or updating database tables 
2026-07-28 05:56:47,519 1 INFO purchase_product_optional_test odoo.modules.loading: loading base_setup/data/base_setup_data.xml 
2026-07-28 05:56:47,535 1 INFO purchase_product_optional_test odoo.modules.loading: loading base_setup/views/res_config_settings_views.xml 
2026-07-28 05:56:47,568 1 INFO purchase_product_optional_test odoo.modules.loading: loading base_setup/views/res_partner_views.xml 
2026-07-28 05:56:47,673 1 INFO purchase_product_optional_test odoo.modules.loading: Module base_setup loaded in 0.23s, 143 queries (+143 other) 
2026-07-28 05:56:47,675 1 INFO purchase_product_optional_test odoo.modules.loading: Loading module bus (8/56) 
2026-07-28 05:56:47,688 1 INFO purchase_product_optional_test odoo.modules.registry: module bus: creating or updating database tables 
2026-07-28 05:56:47,926 1 INFO purchase_product_optional_test odoo.modules.loading: loading bus/security/ir.model.access.csv 
2026-07-28 05:56:48,104 1 INFO purchase_product_optional_test odoo.modules.loading: Module bus loaded in 0.43s, 119 queries (+119 other) 
2026-07-28 05:56:48,105 1 INFO purchase_product_optional_test odoo.modules.loading: Loading module http_routing (9/56) 
2026-07-28 05:56:48,114 1 INFO purchase_product_optional_test odoo.modules.registry: module http_routing: creating or updating database tables 
2026-07-28 05:56:48,120 1 INFO purchase_product_optional_test odoo.modules.loading: loading http_routing/views/http_routing_template.xml 
2026-07-28 05:56:48,157 1 INFO purchase_product_optional_test odoo.modules.loading: loading http_routing/views/res_lang_views.xml 
2026-07-28 05:56:48,183 1 INFO purchase_product_optional_test odoo.modules.loading: Module http_routing loaded in 0.08s, 71 queries (+71 other) 
2026-07-28 05:56:48,189 1 INFO purchase_product_optional_test odoo.modules.loading: Loading module onboarding (10/56) 
2026-07-28 05:56:48,262 1 INFO purchase_product_optional_test odoo.modules.registry: module onboarding: creating or updating database tables 
2026-07-28 05:56:48,834 1 INFO purchase_product_optional_test odoo.modules.loading: loading onboarding/views/onboarding_templates.xml 
2026-07-28 05:56:48,862 1 INFO purchase_product_optional_test odoo.modules.loading: loading onboarding/views/onboarding_views.xml 
2026-07-28 05:56:48,877 1 INFO purchase_product_optional_test odoo.modules.loading: loading onboarding/views/onboarding_menus.xml 
2026-07-28 05:56:48,888 1 INFO purchase_product_optional_test odoo.modules.loading: loading onboarding/security/ir.model.access.csv 
2026-07-28 05:56:49,150 1 INFO purchase_product_optional_test odoo.modules.loading: Module onboarding loaded in 0.96s, 237 queries (+237 other) 
2026-07-28 05:56:49,150 1 INFO purchase_product_optional_test odoo.modules.loading: Loading module resource (11/56) 
2026-07-28 05:56:49,293 1 INFO purchase_product_optional_test odoo.modules.registry: module resource: creating or updating database tables 
2026-07-28 05:56:49,557 1 INFO purchase_product_optional_test odoo.modules.loading: loading resource/data/resource_data.xml 
2026-07-28 05:56:49,609 1 INFO purchase_product_optional_test odoo.modules.loading: loading resource/security/ir.model.access.csv 
2026-07-28 05:56:49,618 1 INFO purchase_product_optional_test odoo.modules.loading: loading resource/security/resource_security.xml 
2026-07-28 05:56:49,647 1 INFO purchase_product_optional_test odoo.modules.loading: loading resource/views/resource_resource_views.xml 
2026-07-28 05:56:49,682 1 INFO purchase_product_optional_test odoo.modules.loading: loading resource/views/resource_calendar_leaves_views.xml 
2026-07-28 05:56:49,703 1 INFO purchase_product_optional_test odoo.modules.loading: loading resource/views/resource_calendar_attendance_views.xml 
2026-07-28 05:56:49,716 1 INFO purchase_product_optional_test odoo.modules.loading: loading resource/views/resource_calendar_views.xml 
2026-07-28 05:56:49,738 1 INFO purchase_product_optional_test odoo.modules.loading: loading resource/views/menuitems.xml 
2026-07-28 05:56:49,749 1 INFO purchase_product_optional_test odoo.modules.loading: Module resource: loading demo 
2026-07-28 05:56:49,751 1 INFO purchase_product_optional_test odoo.modules.loading: loading resource/data/resource_demo.xml 
2026-07-28 05:56:49,838 1 INFO purchase_product_optional_test odoo.modules.loading: Module resource loaded in 0.69s, 419 queries (+419 other) 
2026-07-28 05:56:49,839 1 INFO purchase_product_optional_test odoo.modules.loading: Loading module utm (12/56) 
2026-07-28 05:56:49,884 1 INFO purchase_product_optional_test odoo.modules.registry: module utm: creating or updating database tables 
2026-07-28 05:56:50,761 1 INFO purchase_product_optional_test odoo.modules.loading: loading utm/data/utm_medium_data.xml 
2026-07-28 05:56:50,785 1 INFO purchase_product_optional_test odoo.modules.loading: loading utm/data/utm_source_data.xml 
2026-07-28 05:56:50,806 1 INFO purchase_product_optional_test odoo.modules.loading: loading utm/data/utm_stage_data.xml 
2026-07-28 05:56:50,819 1 INFO purchase_product_optional_test odoo.modules.loading: loading utm/data/utm_tag_data.xml 
2026-07-28 05:56:50,833 1 INFO purchase_product_optional_test odoo.modules.loading: loading utm/views/utm_campaign_views.xml 
2026-07-28 05:56:50,865 1 INFO purchase_product_optional_test odoo.modules.loading: loading utm/views/utm_medium_views.xml 
2026-07-28 05:56:50,879 1 INFO purchase_product_optional_test odoo.modules.loading: loading utm/views/utm_source_views.xml 
2026-07-28 05:56:50,893 1 INFO purchase_product_optional_test odoo.modules.loading: loading utm/views/utm_stage_views.xml 
2026-07-28 05:56:50,912 1 INFO purchase_product_optional_test odoo.modules.loading: loading utm/views/utm_tag_views.xml 
2026-07-28 05:56:50,924 1 INFO purchase_product_optional_test odoo.modules.loading: loading utm/views/utm_menus.xml 
2026-07-28 05:56:50,942 1 INFO purchase_product_optional_test odoo.modules.loading: loading utm/security/ir.model.access.csv 
2026-07-28 05:56:50,969 1 INFO purchase_product_optional_test odoo.modules.loading: Module utm: loading demo 
2026-07-28 05:56:50,970 1 INFO purchase_product_optional_test odoo.modules.loading: loading utm/data/utm_campaign_demo.xml 
2026-07-28 05:56:50,981 1 INFO purchase_product_optional_test odoo.modules.loading: loading utm/data/utm_stage_demo.xml 
2026-07-28 05:56:51,070 1 INFO purchase_product_optional_test odoo.modules.loading: Module utm loaded in 1.23s, 435 queries (+435 other) 
2026-07-28 05:56:51,070 1 INFO purchase_product_optional_test odoo.modules.loading: Loading module web_tour (13/56) 
2026-07-28 05:56:51,096 1 INFO purchase_product_optional_test odoo.modules.registry: module web_tour: creating or updating database tables 
2026-07-28 05:56:51,181 1 INFO purchase_product_optional_test odoo.modules.loading: loading web_tour/security/ir.model.access.csv 
2026-07-28 05:56:51,197 1 INFO purchase_product_optional_test odoo.modules.loading: loading web_tour/security/ir.rule.csv 
2026-07-28 05:56:51,204 1 INFO purchase_product_optional_test odoo.modules.loading: loading web_tour/views/tour_views.xml 
2026-07-28 05:56:51,282 1 INFO purchase_product_optional_test odoo.modules.loading: Module web_tour loaded in 0.21s, 104 queries (+104 other) 
2026-07-28 05:56:51,282 1 INFO purchase_product_optional_test odoo.modules.loading: Loading module iap (14/56) 
2026-07-28 05:56:51,293 1 INFO purchase_product_optional_test odoo.modules.registry: module iap: creating or updating database tables 
2026-07-28 05:56:51,662 1 INFO purchase_product_optional_test odoo.modules.loading: loading iap/security/ir.model.access.csv 
2026-07-28 05:56:51,686 1 INFO purchase_product_optional_test odoo.modules.loading: loading iap/security/ir_rule.xml 
2026-07-28 05:56:51,692 1 INFO purchase_product_optional_test odoo.modules.loading: loading iap/views/iap_views.xml 
2026-07-28 05:56:51,727 1 INFO purchase_product_optional_test odoo.modules.loading: loading iap/views/res_config_settings.xml 
2026-07-28 05:56:51,807 1 INFO purchase_product_optional_test odoo.modules.loading: Module iap loaded in 0.52s, 151 queries (+151 other) 
2026-07-28 05:56:51,810 1 INFO purchase_product_optional_test odoo.modules.loading: Loading module mail (15/56) 
2026-07-28 05:56:51,836 1 INFO purchase_product_optional_test odoo.modules.registry: module mail: creating or updating database tables 
2026-07-28 05:56:54,797 1 INFO purchase_product_optional_test odoo.models: Prepare computation of ir.actions.server.partner_ids 
2026-07-28 05:56:54,799 1 INFO purchase_product_optional_test odoo.models: Prepare computation of ir.actions.server.template_id 
2026-07-28 05:56:54,800 1 INFO purchase_product_optional_test odoo.models: Prepare computation of ir.actions.server.activity_type_id 
2026-07-28 05:56:54,801 1 INFO purchase_product_optional_test odoo.models: Prepare computation of ir.actions.server.activity_date_deadline_range 
2026-07-28 05:56:54,802 1 INFO purchase_product_optional_test odoo.models: Prepare computation of ir.actions.server.activity_user_id 
2026-07-28 05:56:54,803 1 INFO purchase_product_optional_test odoo.models: Prepare computation of ir.actions.server.mail_post_method 
2026-07-28 05:56:54,803 1 INFO purchase_product_optional_test odoo.models: Prepare computation of ir.actions.server.activity_summary 
2026-07-28 05:56:54,804 1 INFO purchase_product_optional_test odoo.models: Prepare computation of ir.actions.server.activity_date_deadline_range_type 
2026-07-28 05:56:54,804 1 INFO purchase_product_optional_test odoo.models: Prepare computation of ir.actions.server.activity_user_type 
2026-07-28 05:56:54,804 1 INFO purchase_product_optional_test odoo.models: Prepare computation of ir.actions.server.activity_user_field_name 
2026-07-28 05:56:54,804 1 INFO purchase_product_optional_test odoo.models: Prepare computation of ir.actions.server.activity_note 
2026-07-28 05:56:54,805 1 INFO purchase_product_optional_test odoo.models: Prepare computation of ir.actions.server.mail_post_autofollow 
2026-07-28 05:56:54,824 1 INFO purchase_product_optional_test odoo.models: Prepare computation of res.company.email_primary_color 
2026-07-28 05:56:54,825 1 INFO purchase_product_optional_test odoo.models: Prepare computation of res.company.email_secondary_color 
2026-07-28 05:56:54,833 1 INFO purchase_product_optional_test odoo.models: Prepare computation of res.users.notification_type 
2026-07-28 05:56:55,757 1 INFO purchase_product_optional_test odoo.models: Prepare computation of res.partner.email_normalized 
2026-07-28 05:56:58,101 1 INFO purchase_product_optional_test odoo.modules.loading: loading mail/data/mail_groups.xml 
2026-07-28 05:56:58,171 1 INFO purchase_product_optional_test odoo.modules.loading: loading mail/wizard/mail_activity_schedule_views.xml 
2026-07-28 05:56:58,190 1 INFO purchase_product_optional_test odoo.modules.loading: loading mail/wizard/mail_blacklist_remove_views.xml 
2026-07-28 05:56:58,196 1 INFO purchase_product_optional_test odoo.modules.loading: loading mail/wizard/mail_compose_message_views.xml 
2026-07-28 05:56:58,207 1 INFO purchase_product_optional_test odoo.modules.loading: loading mail/wizard/mail_resend_message_views.xml 
2026-07-28 05:56:58,214 1 INFO purchase_product_optional_test odoo.modules.loading: loading mail/wizard/mail_resend_partner_views.xml 
2026-07-28 05:56:58,221 1 INFO purchase_product_optional_test odoo.modules.loading: loading mail/wizard/mail_template_preview_views.xml 
2026-07-28 05:56:58,229 1 INFO purchase_product_optional_test odoo.modules.loading: loading mail/wizard/mail_wizard_invite_views.xml 
2026-07-28 05:56:58,245 1 INFO purchase_product_optional_test odoo.modules.loading: loading mail/wizard/mail_template_reset_views.xml 
2026-07-28 05:56:58,253 1 INFO purchase_product_optional_test odoo.modules.loading: loading mail/views/fetchmail_views.xml 
2026-07-28 05:56:58,274 1 INFO purchase_product_optional_test odoo.modules.loading: loading mail/views/mail_message_subtype_views.xml 
2026-07-28 05:56:58,287 1 INFO purchase_product_optional_test odoo.modules.loading: loading mail/views/mail_tracking_value_views.xml 
2026-07-28 05:56:58,295 1 INFO purchase_product_optional_test odoo.modules.loading: loading mail/views/mail_notification_views.xml 
2026-07-28 05:56:58,302 1 INFO purchase_product_optional_test odoo.modules.loading: loading mail/views/mail_message_views.xml 
2026-07-28 05:56:58,318 1 INFO purchase_product_optional_test odoo.modules.loading: loading mail/views/mail_message_schedule_views.xml 
2026-07-28 05:56:58,328 1 INFO purchase_product_optional_test odoo.modules.loading: loading mail/views/mail_mail_views.xml 
2026-07-28 05:56:58,343 1 INFO purchase_product_optional_test odoo.modules.loading: loading mail/views/mail_followers_views.xml 
2026-07-28 05:56:58,352 1 INFO purchase_product_optional_test odoo.modules.loading: loading mail/views/mail_ice_server_views.xml 
2026-07-28 05:56:58,361 1 INFO purchase_product_optional_test odoo.modules.loading: loading mail/views/discuss_channel_member_views.xml 
2026-07-28 05:56:58,368 1 INFO purchase_product_optional_test odoo.modules.loading: loading mail/views/discuss_channel_rtc_session_views.xml 
2026-07-28 05:56:58,378 1 INFO purchase_product_optional_test odoo.modules.loading: loading mail/views/mail_link_preview_views.xml 
2026-07-28 05:56:58,386 1 INFO purchase_product_optional_test odoo.modules.loading: loading mail/views/discuss/discuss_gif_favorite_views.xml 
2026-07-28 05:56:58,408 1 INFO purchase_product_optional_test odoo.modules.loading: loading mail/views/discuss_channel_views.xml 
2026-07-28 05:56:58,423 1 INFO purchase_product_optional_test odoo.modules.loading: loading mail/views/mail_shortcode_views.xml 
2026-07-28 05:56:58,437 1 INFO purchase_product_optional_test odoo.modules.loading: loading mail/views/mail_activity_views.xml 
2026-07-28 05:56:58,485 1 INFO purchase_product_optional_test odoo.modules.loading: loading mail/views/mail_activity_plan_views.xml 
2026-07-28 05:56:58,504 1 INFO purchase_product_optional_test odoo.modules.loading: loading mail/views/mail_activity_plan_template_views.xml 
2026-07-28 05:56:58,511 1 INFO purchase_product_optional_test odoo.modules.loading: loading mail/views/res_config_settings_views.xml 
2026-07-28 05:56:58,526 1 INFO purchase_product_optional_test odoo.modules.loading: loading mail/data/ir_config_parameter_data.xml 
2026-07-28 05:56:58,532 1 INFO purchase_product_optional_test odoo.modules.loading: loading mail/data/res_partner_data.xml 
2026-07-28 05:56:58,621 1 INFO purchase_product_optional_test odoo.modules.loading: loading mail/data/mail_message_subtype_data.xml 
2026-07-28 05:56:58,632 1 INFO purchase_product_optional_test odoo.modules.loading: loading mail/data/mail_templates_chatter.xml 
2026-07-28 05:56:58,642 1 INFO purchase_product_optional_test odoo.modules.loading: loading mail/data/mail_templates_email_layouts.xml 
2026-07-28 05:56:58,662 1 INFO purchase_product_optional_test odoo.modules.loading: loading mail/data/mail_templates_mailgateway.xml 
2026-07-28 05:56:58,672 1 INFO purchase_product_optional_test odoo.modules.loading: loading mail/data/discuss_channel_data.xml 
2026-07-28 05:56:58,693 1 INFO purchase_product_optional_test odoo.modules.loading: loading mail/data/mail_activity_data.xml 
2026-07-28 05:56:58,708 1 INFO purchase_product_optional_test odoo.modules.loading: loading mail/data/security_notifications_templates.xml 
2026-07-28 05:56:58,717 1 INFO purchase_product_optional_test odoo.modules.loading: loading mail/data/ir_cron_data.xml 
2026-07-28 05:56:58,745 1 INFO purchase_product_optional_test odoo.modules.loading: loading mail/security/mail_security.xml 
2026-07-28 05:56:58,821 1 INFO purchase_product_optional_test odoo.modules.loading: loading mail/security/ir.model.access.csv 
2026-07-28 05:56:58,857 1 INFO purchase_product_optional_test odoo.modules.loading: loading mail/views/discuss_public_templates.xml 
2026-07-28 05:56:58,861 1 INFO purchase_product_optional_test odoo.modules.loading: loading mail/views/mail_alias_domain_views.xml 
2026-07-28 05:56:58,874 1 INFO purchase_product_optional_test odoo.modules.loading: loading mail/views/mail_alias_views.xml 
2026-07-28 05:56:58,892 1 INFO purchase_product_optional_test odoo.modules.loading: loading mail/views/mail_gateway_allowed_views.xml 
2026-07-28 05:56:58,904 1 INFO purchase_product_optional_test odoo.modules.loading: loading mail/views/mail_guest_views.xml 
2026-07-28 05:56:58,912 1 INFO purchase_product_optional_test odoo.modules.loading: loading mail/views/mail_message_reaction_views.xml 
2026-07-28 05:56:58,921 1 INFO purchase_product_optional_test odoo.modules.loading: loading mail/views/mail_templates_public.xml 
2026-07-28 05:56:58,931 1 INFO purchase_product_optional_test odoo.modules.loading: loading mail/views/res_users_views.xml 
2026-07-28 05:56:58,948 1 INFO purchase_product_optional_test odoo.modules.loading: loading mail/views/res_users_settings_views.xml 
2026-07-28 05:56:58,961 1 INFO purchase_product_optional_test odoo.modules.loading: loading mail/views/mail_template_views.xml 
2026-07-28 05:56:58,978 1 INFO purchase_product_optional_test odoo.modules.loading: loading mail/views/ir_actions_server_views.xml 
2026-07-28 05:56:58,992 1 INFO purchase_product_optional_test odoo.modules.loading: loading mail/views/ir_model_views.xml 
2026-07-28 05:56:59,006 1 INFO purchase_product_optional_test odoo.modules.loading: loading mail/views/res_partner_views.xml 
2026-07-28 05:56:59,035 1 INFO purchase_product_optional_test odoo.modules.loading: loading mail/views/mail_blacklist_views.xml 
2026-07-28 05:56:59,053 1 INFO purchase_product_optional_test odoo.modules.loading: loading mail/views/mail_menus.xml 
2026-07-28 05:56:59,129 1 INFO purchase_product_optional_test odoo.modules.loading: loading mail/views/res_company_views.xml 
2026-07-28 05:56:59,137 1 INFO purchase_product_optional_test odoo.modules.loading: Module mail: loading demo 
2026-07-28 05:56:59,138 1 INFO purchase_product_optional_test odoo.modules.loading: loading mail/data/discuss_channel_demo.xml 
2026-07-28 05:56:59,254 1 INFO purchase_product_optional_test odoo.modules.loading: Module mail loaded in 7.44s, 4297 queries (+4298 other) 
2026-07-28 05:56:59,255 1 INFO purchase_product_optional_test odoo.modules.loading: Loading module web_editor (16/56) 
2026-07-28 05:56:59,299 1 INFO purchase_product_optional_test odoo.modules.registry: module web_editor: creating or updating database tables 
2026-07-28 05:56:59,819 1 INFO purchase_product_optional_test odoo.modules.loading: loading web_editor/security/ir.model.access.csv 
2026-07-28 05:56:59,844 1 INFO purchase_product_optional_test odoo.modules.loading: loading web_editor/data/editor_assets.xml 
2026-07-28 05:56:59,855 1 INFO purchase_product_optional_test odoo.modules.loading: loading web_editor/views/editor.xml 
2026-07-28 05:56:59,876 1 INFO purchase_product_optional_test odoo.modules.loading: loading web_editor/views/snippets.xml 
2026-07-28 05:56:59,942 1 INFO purchase_product_optional_test odoo.modules.loading: Module web_editor loaded in 0.69s, 1404 queries (+1404 other) 
2026-07-28 05:56:59,942 1 INFO purchase_product_optional_test odoo.modules.loading: Loading module analytic (17/56) 
2026-07-28 05:56:59,966 1 INFO purchase_product_optional_test odoo.modules.registry: module analytic: creating or updating database tables 
2026-07-28 05:57:00,443 1 INFO purchase_product_optional_test odoo.modules.loading: loading analytic/security/analytic_security.xml 
2026-07-28 05:57:00,471 1 INFO purchase_product_optional_test odoo.modules.loading: loading analytic/security/ir.model.access.csv 
2026-07-28 05:57:00,482 1 INFO purchase_product_optional_test odoo.modules.loading: loading analytic/views/analytic_line_views.xml 
2026-07-28 05:57:00,527 1 INFO purchase_product_optional_test odoo.modules.loading: loading analytic/views/analytic_account_views.xml 
2026-07-28 05:57:00,554 1 INFO purchase_product_optional_test odoo.modules.loading: loading analytic/views/analytic_plan_views.xml 
2026-07-28 05:57:00,571 1 INFO purchase_product_optional_test odoo.modules.loading: loading analytic/views/analytic_distribution_model_views.xml 
2026-07-28 05:57:00,584 1 INFO purchase_product_optional_test odoo.modules.loading: loading analytic/data/analytic_data.xml 
2026-07-28 05:57:00,629 1 INFO purchase_product_optional_test odoo.modules.loading: Module analytic: loading demo 
2026-07-28 05:57:00,631 1 INFO purchase_product_optional_test odoo.modules.loading: loading analytic/data/analytic_account_demo.xml 
2026-07-28 05:57:00,931 1 INFO purchase_product_optional_test odoo.modules.loading: Module analytic loaded in 0.99s, 654 queries (+654 other) 
2026-07-28 05:57:00,932 1 INFO purchase_product_optional_test odoo.modules.loading: Loading module auth_signup (18/56) 
2026-07-28 05:57:00,980 1 INFO purchase_product_optional_test odoo.modules.registry: module auth_signup: creating or updating database tables 
2026-07-28 05:57:01,072 1 INFO purchase_product_optional_test odoo.modules.loading: loading auth_signup/data/ir_config_parameter_data.xml 
2026-07-28 05:57:01,104 1 INFO purchase_product_optional_test odoo.modules.loading: loading auth_signup/data/ir_cron_data.xml 
2026-07-28 05:57:01,122 1 INFO purchase_product_optional_test odoo.modules.loading: loading auth_signup/data/mail_template_data.xml 
2026-07-28 05:57:01,142 1 INFO purchase_product_optional_test odoo.modules.loading: loading auth_signup/views/res_config_settings_views.xml 
2026-07-28 05:57:01,173 1 INFO purchase_product_optional_test odoo.modules.loading: loading auth_signup/views/res_users_views.xml 
2026-07-28 05:57:01,198 1 INFO purchase_product_optional_test odoo.modules.loading: loading auth_signup/views/auth_signup_login_templates.xml 
2026-07-28 05:57:01,226 1 INFO purchase_product_optional_test odoo.modules.loading: loading auth_signup/views/auth_signup_templates_email.xml 
2026-07-28 05:57:01,246 1 INFO purchase_product_optional_test odoo.modules.loading: loading auth_signup/views/webclient_templates.xml 
2026-07-28 05:57:01,387 1 INFO purchase_product_optional_test odoo.modules.loading: Module auth_signup loaded in 0.45s, 202 queries (+202 other) 
2026-07-28 05:57:01,388 1 INFO purchase_product_optional_test odoo.modules.loading: Loading module auth_totp_mail (19/56) 
2026-07-28 05:57:01,480 1 INFO purchase_product_optional_test odoo.modules.registry: module auth_totp_mail: creating or updating database tables 
2026-07-28 05:57:01,502 1 INFO purchase_product_optional_test odoo.modules.loading: loading auth_totp_mail/data/ir_action_data.xml 
2026-07-28 05:57:01,537 1 INFO purchase_product_optional_test odoo.modules.loading: loading auth_totp_mail/data/mail_template_data.xml 
2026-07-28 05:57:01,552 1 INFO purchase_product_optional_test odoo.modules.loading: loading auth_totp_mail/data/security_notifications_template.xml 
2026-07-28 05:57:01,566 1 INFO purchase_product_optional_test odoo.modules.loading: loading auth_totp_mail/views/res_users_views.xml 
2026-07-28 05:57:01,686 1 INFO purchase_product_optional_test odoo.modules.loading: Module auth_totp_mail loaded in 0.30s, 112 queries (+112 other) 
2026-07-28 05:57:01,687 1 INFO purchase_product_optional_test odoo.modules.loading: Loading module base_install_request (20/56) 
2026-07-28 05:57:01,799 1 INFO purchase_product_optional_test odoo.modules.registry: module base_install_request: creating or updating database tables 
2026-07-28 05:57:01,970 1 INFO purchase_product_optional_test odoo.modules.loading: loading base_install_request/security/ir.model.access.csv 
2026-07-28 05:57:02,007 1 INFO purchase_product_optional_test odoo.modules.loading: loading base_install_request/wizard/base_module_install_request_views.xml 
2026-07-28 05:57:02,027 1 INFO purchase_product_optional_test odoo.modules.loading: loading base_install_request/data/mail_template_data.xml 
2026-07-28 05:57:02,053 1 INFO purchase_product_optional_test odoo.modules.loading: loading base_install_request/data/mail_templates_module_install.xml 
2026-07-28 05:57:02,072 1 INFO purchase_product_optional_test odoo.modules.loading: loading base_install_request/views/ir_module_module_views.xml 
2026-07-28 05:57:02,172 1 INFO purchase_product_optional_test odoo.modules.loading: Module base_install_request loaded in 0.48s, 144 queries (+144 other) 
2026-07-28 05:57:02,172 1 INFO purchase_product_optional_test odoo.modules.loading: Loading module google_gmail (21/56) 
2026-07-28 05:57:02,358 1 INFO purchase_product_optional_test odoo.modules.registry: module google_gmail: creating or updating database tables 
2026-07-28 05:57:02,410 1 INFO purchase_product_optional_test odoo.modules.loading: loading google_gmail/views/fetchmail_server_views.xml 
2026-07-28 05:57:02,440 1 INFO purchase_product_optional_test odoo.modules.loading: loading google_gmail/views/ir_mail_server_views.xml 
2026-07-28 05:57:02,457 1 INFO purchase_product_optional_test odoo.modules.loading: loading google_gmail/views/res_config_settings_views.xml 
2026-07-28 05:57:02,562 1 INFO purchase_product_optional_test odoo.modules.loading: Module google_gmail loaded in 0.39s, 118 queries (+118 other) 
2026-07-28 05:57:02,563 1 INFO purchase_product_optional_test odoo.modules.loading: Loading module iap_mail (22/56) 
2026-07-28 05:57:02,648 1 INFO purchase_product_optional_test odoo.modules.registry: module iap_mail: creating or updating database tables 
2026-07-28 05:57:02,705 1 INFO purchase_product_optional_test odoo.modules.loading: loading iap_mail/data/mail_templates.xml 
2026-07-28 05:57:02,806 1 INFO purchase_product_optional_test odoo.modules.loading: Module iap_mail loaded in 0.24s, 40 queries (+40 other) 
2026-07-28 05:57:02,807 1 INFO purchase_product_optional_test odoo.modules.loading: Loading module mail_bot (23/56) 
2026-07-28 05:57:02,950 1 INFO purchase_product_optional_test odoo.modules.registry: module mail_bot: creating or updating database tables 
2026-07-28 05:57:03,008 1 INFO purchase_product_optional_test odoo.modules.loading: loading mail_bot/views/res_users_views.xml 
2026-07-28 05:57:03,030 1 INFO purchase_product_optional_test odoo.modules.loading: loading mail_bot/data/mailbot_data.xml 
2026-07-28 05:57:03,049 1 INFO purchase_product_optional_test odoo.modules.loading: Module mail_bot: loading demo 
2026-07-28 05:57:03,050 1 INFO purchase_product_optional_test odoo.modules.loading: loading mail_bot/data/mailbot_demo.xml 
2026-07-28 05:57:03,146 1 INFO purchase_product_optional_test odoo.modules.loading: Module mail_bot loaded in 0.34s, 165 queries (+165 other) 
2026-07-28 05:57:03,146 1 INFO purchase_product_optional_test odoo.modules.loading: Loading module phone_validation (24/56) 
2026-07-28 05:57:04,243 1 INFO purchase_product_optional_test odoo.modules.registry: module phone_validation: creating or updating database tables 
2026-07-28 05:57:04,962 1 INFO purchase_product_optional_test odoo.modules.loading: loading phone_validation/security/ir.model.access.csv 
2026-07-28 05:57:04,986 1 INFO purchase_product_optional_test odoo.modules.loading: loading phone_validation/views/phone_blacklist_views.xml 
2026-07-28 05:57:05,010 1 INFO purchase_product_optional_test odoo.modules.loading: loading phone_validation/wizard/phone_blacklist_remove_view.xml 
2026-07-28 05:57:05,115 1 INFO purchase_product_optional_test odoo.modules.loading: Module phone_validation loaded in 1.97s, 1473 queries (+1473 other) 
2026-07-28 05:57:05,116 1 INFO purchase_product_optional_test odoo.modules.loading: Loading module privacy_lookup (25/56) 
2026-07-28 05:57:05,218 1 INFO purchase_product_optional_test odoo.modules.registry: module privacy_lookup: creating or updating database tables 
2026-07-28 05:57:05,399 1 INFO purchase_product_optional_test odoo.modules.loading: loading privacy_lookup/wizard/privacy_lookup_wizard_views.xml 
2026-07-28 05:57:05,423 1 INFO purchase_product_optional_test odoo.modules.loading: loading privacy_lookup/views/privacy_log_views.xml 
2026-07-28 05:57:05,443 1 INFO purchase_product_optional_test odoo.modules.loading: loading privacy_lookup/security/ir.model.access.csv 
2026-07-28 05:57:05,458 1 INFO purchase_product_optional_test odoo.modules.loading: loading privacy_lookup/data/ir_actions_server_data.xml 
2026-07-28 05:57:05,529 1 INFO purchase_product_optional_test odoo.modules.loading: Module privacy_lookup loaded in 0.41s, 245 queries (+245 other) 
2026-07-28 05:57:05,530 1 INFO purchase_product_optional_test odoo.modules.loading: Loading module product (26/56) 
2026-07-28 05:57:06,730 1 INFO purchase_product_optional_test odoo.modules.registry: module product: creating or updating database tables 
2026-07-28 05:57:07,733 1 INFO purchase_product_optional_test odoo.modules.loading: loading product/data/product_data.xml 
2026-07-28 05:57:07,747 1 INFO purchase_product_optional_test odoo.modules.loading: loading product/security/product_security.xml 
2026-07-28 05:57:07,808 1 INFO purchase_product_optional_test odoo.modules.loading: loading product/security/ir.model.access.csv 
2026-07-28 05:57:07,832 1 INFO purchase_product_optional_test odoo.modules.loading: loading product/wizard/product_label_layout_views.xml 
2026-07-28 05:57:07,840 1 INFO purchase_product_optional_test odoo.modules.loading: loading product/views/product_tag_views.xml 
2026-07-28 05:57:07,850 1 INFO purchase_product_optional_test odoo.modules.loading: loading product/views/product_views.xml 
2026-07-28 05:57:07,912 1 INFO purchase_product_optional_test odoo.modules.loading: loading product/views/res_config_settings_views.xml 
2026-07-28 05:57:07,929 1 INFO purchase_product_optional_test odoo.modules.loading: loading product/views/product_attribute_views.xml 
2026-07-28 05:57:07,958 1 INFO purchase_product_optional_test odoo.modules.loading: loading product/views/product_attribute_value_views.xml 
2026-07-28 05:57:07,963 1 INFO purchase_product_optional_test odoo.modules.loading: loading product/views/product_category_views.xml 
2026-07-28 05:57:07,974 1 INFO purchase_product_optional_test odoo.modules.loading: loading product/views/product_document_views.xml 
2026-07-28 05:57:07,989 1 INFO purchase_product_optional_test odoo.modules.loading: loading product/views/product_packaging_views.xml 
2026-07-28 05:57:08,010 1 INFO purchase_product_optional_test odoo.modules.loading: loading product/views/product_pricelist_item_views.xml 
2026-07-28 05:57:08,033 1 INFO purchase_product_optional_test odoo.modules.loading: loading product/views/product_pricelist_views.xml 
2026-07-28 05:57:08,059 1 INFO purchase_product_optional_test odoo.modules.loading: loading product/views/product_supplierinfo_views.xml 
2026-07-28 05:57:08,084 1 INFO purchase_product_optional_test odoo.modules.loading: loading product/views/product_template_views.xml 
2026-07-28 05:57:08,110 1 INFO purchase_product_optional_test odoo.modules.loading: loading product/views/res_country_group_views.xml 
2026-07-28 05:57:08,119 1 INFO purchase_product_optional_test odoo.modules.loading: loading product/views/res_partner_views.xml 
2026-07-28 05:57:08,129 1 INFO purchase_product_optional_test odoo.modules.loading: loading product/report/product_reports.xml 
2026-07-28 05:57:08,146 1 INFO purchase_product_optional_test odoo.modules.loading: loading product/report/product_product_templates.xml 
2026-07-28 05:57:08,169 1 INFO purchase_product_optional_test odoo.modules.loading: loading product/report/product_template_templates.xml 
2026-07-28 05:57:08,180 1 INFO purchase_product_optional_test odoo.modules.loading: loading product/report/product_packaging.xml 
2026-07-28 05:57:08,185 1 INFO purchase_product_optional_test odoo.modules.loading: loading product/report/product_pricelist_report_templates.xml 
2026-07-28 05:57:08,194 1 INFO purchase_product_optional_test odoo.modules.loading: Module product: loading demo 
2026-07-28 05:57:08,199 1 INFO purchase_product_optional_test odoo.modules.loading: loading product/data/product_demo.xml 
2026-07-28 05:57:08,493 1 INFO purchase_product_optional_test odoo.models.unlink: User #1 deleted mail.message records with IDs: [47] 
2026-07-28 05:57:08,501 1 INFO purchase_product_optional_test odoo.models.unlink: User #1 deleted ir.property records with IDs: [11] 
2026-07-28 05:57:08,503 1 INFO purchase_product_optional_test odoo.models.unlink: User #1 deleted product.product records with IDs: [9] 
2026-07-28 05:57:08,541 1 INFO purchase_product_optional_test odoo.models.unlink: User #1 deleted mail.message records with IDs: [49, 48] 
2026-07-28 05:57:08,545 1 INFO purchase_product_optional_test odoo.models.unlink: User #1 deleted product.product records with IDs: [10, 11] 
2026-07-28 05:57:08,905 1 INFO purchase_product_optional_test odoo.models.unlink: User #1 deleted mail.message records with IDs: [67] 
2026-07-28 05:57:08,911 1 INFO purchase_product_optional_test odoo.models.unlink: User #1 deleted ir.property records with IDs: [21] 
2026-07-28 05:57:08,912 1 INFO purchase_product_optional_test odoo.models.unlink: User #1 deleted product.product records with IDs: [22] 
2026-07-28 05:57:08,972 1 INFO purchase_product_optional_test odoo.models.unlink: User #1 deleted mail.message records with IDs: [53] 
2026-07-28 05:57:08,975 1 INFO purchase_product_optional_test odoo.models.unlink: User #1 deleted product.product records with IDs: [15] 
2026-07-28 05:57:09,482 1 INFO purchase_product_optional_test odoo.modules.loading: Module product loaded in 3.95s, 3198 queries (+3198 other) 
2026-07-28 05:57:09,483 1 INFO purchase_product_optional_test odoo.modules.loading: Loading module sales_team (27/56) 
2026-07-28 05:57:09,529 1 INFO purchase_product_optional_test odoo.modules.registry: module sales_team: creating or updating database tables 
2026-07-28 05:57:09,651 1 INFO purchase_product_optional_test odoo.models: Prepare computation of res.users.sale_team_id 
2026-07-28 05:57:09,739 1 INFO purchase_product_optional_test odoo.modules.loading: loading sales_team/security/sales_team_security.xml 
2026-07-28 05:57:09,833 1 INFO purchase_product_optional_test odoo.modules.loading: loading sales_team/security/ir.model.access.csv 
2026-07-28 05:57:09,843 1 INFO purchase_product_optional_test odoo.modules.loading: loading sales_team/data/crm_team_data.xml 
2026-07-28 05:57:09,872 1 INFO purchase_product_optional_test odoo.modules.loading: loading sales_team/views/crm_tag_views.xml 
2026-07-28 05:57:09,891 1 INFO purchase_product_optional_test odoo.modules.loading: loading sales_team/views/crm_team_views.xml 
2026-07-28 05:57:09,917 1 INFO purchase_product_optional_test odoo.modules.loading: loading sales_team/views/crm_team_member_views.xml 
2026-07-28 05:57:09,939 1 INFO purchase_product_optional_test odoo.modules.loading: loading sales_team/views/mail_activity_views.xml 
2026-07-28 05:57:09,944 1 INFO purchase_product_optional_test odoo.modules.loading: loading sales_team/views/res_partner_views.xml 
2026-07-28 05:57:09,952 1 INFO purchase_product_optional_test odoo.modules.loading: Module sales_team: loading demo 
2026-07-28 05:57:09,954 1 INFO purchase_product_optional_test odoo.modules.loading: loading sales_team/data/crm_team_demo.xml 
2026-07-28 05:57:09,985 1 INFO purchase_product_optional_test odoo.modules.loading: loading sales_team/data/crm_tag_demo.xml 
2026-07-28 05:57:10,022 1 INFO purchase_product_optional_test odoo.modules.loading: Module sales_team loaded in 0.54s, 675 queries (+675 other) 
2026-07-28 05:57:10,024 1 INFO purchase_product_optional_test odoo.modules.loading: Loading module web_unsplash (28/56) 
2026-07-28 05:57:10,077 1 INFO purchase_product_optional_test odoo.modules.registry: module web_unsplash: creating or updating database tables 
2026-07-28 05:57:10,107 1 INFO purchase_product_optional_test odoo.modules.loading: loading web_unsplash/views/res_config_settings_view.xml 
2026-07-28 05:57:10,139 1 INFO purchase_product_optional_test odoo.modules.loading: Module web_unsplash loaded in 0.12s, 98 queries (+98 other) 
2026-07-28 05:57:10,140 1 INFO purchase_product_optional_test odoo.modules.loading: Loading module partner_autocomplete (29/56) 
2026-07-28 05:57:10,192 1 INFO purchase_product_optional_test odoo.modules.registry: module partner_autocomplete: creating or updating database tables 
2026-07-28 05:57:10,257 1 INFO purchase_product_optional_test odoo.modules.loading: loading partner_autocomplete/security/ir.model.access.csv 
2026-07-28 05:57:10,266 1 INFO purchase_product_optional_test odoo.modules.loading: loading partner_autocomplete/views/res_partner_views.xml 
2026-07-28 05:57:10,280 1 INFO purchase_product_optional_test odoo.modules.loading: loading partner_autocomplete/views/res_company_views.xml 
2026-07-28 05:57:10,290 1 INFO purchase_product_optional_test odoo.modules.loading: loading partner_autocomplete/views/res_config_settings_views.xml 
2026-07-28 05:57:10,305 1 INFO purchase_product_optional_test odoo.modules.loading: loading partner_autocomplete/data/cron.xml 
2026-07-28 05:57:10,338 1 INFO purchase_product_optional_test odoo.modules.loading: Module partner_autocomplete loaded in 0.20s, 196 queries (+196 other) 
2026-07-28 05:57:10,339 1 INFO purchase_product_optional_test odoo.modules.loading: Loading module portal (30/56) 
2026-07-28 05:57:10,413 1 INFO purchase_product_optional_test odoo.modules.registry: module portal: creating or updating database tables 
2026-07-28 05:57:10,607 1 INFO purchase_product_optional_test odoo.modules.loading: loading portal/security/ir.model.access.csv 
2026-07-28 05:57:10,628 1 INFO purchase_product_optional_test odoo.modules.loading: loading portal/data/mail_template_data.xml 
2026-07-28 05:57:10,634 1 INFO purchase_product_optional_test odoo.modules.loading: loading portal/data/mail_templates.xml 
2026-07-28 05:57:10,639 1 INFO purchase_product_optional_test odoo.modules.loading: loading portal/views/mail_templates_public.xml 
2026-07-28 05:57:10,649 1 INFO purchase_product_optional_test odoo.modules.loading: loading portal/views/portal_templates.xml 
2026-07-28 05:57:10,717 1 INFO purchase_product_optional_test odoo.modules.loading: loading portal/views/res_config_settings_views.xml 
2026-07-28 05:57:10,729 1 INFO purchase_product_optional_test odoo.modules.loading: loading portal/wizard/portal_share_views.xml 
2026-07-28 05:57:10,736 1 INFO purchase_product_optional_test odoo.modules.loading: loading portal/wizard/portal_wizard_views.xml 
2026-07-28 05:57:10,772 1 INFO purchase_product_optional_test odoo.modules.loading: Module portal loaded in 0.43s, 502 queries (+502 other) 
2026-07-28 05:57:10,772 1 INFO purchase_product_optional_test odoo.modules.loading: Loading module sms (31/56) 
2026-07-28 05:57:10,851 1 INFO purchase_product_optional_test odoo.modules.registry: module sms: creating or updating database tables 
2026-07-28 05:57:10,857 1 INFO purchase_product_optional_test odoo.models: Prepare computation of ir.actions.server.sms_template_id 
2026-07-28 05:57:10,863 1 INFO purchase_product_optional_test odoo.models: Prepare computation of ir.actions.server.sms_method 
2026-07-28 05:57:10,881 1 INFO purchase_product_optional_test odoo.models: Prepare computation of res.partner.phone_sanitized 
2026-07-28 05:57:11,659 1 INFO purchase_product_optional_test odoo.modules.loading: loading sms/data/ir_cron_data.xml 
2026-07-28 05:57:11,671 1 INFO purchase_product_optional_test odoo.modules.loading: loading sms/wizard/sms_composer_views.xml 
2026-07-28 05:57:11,683 1 INFO purchase_product_optional_test odoo.modules.loading: loading sms/wizard/sms_template_preview_views.xml 
2026-07-28 05:57:11,690 1 INFO purchase_product_optional_test odoo.modules.loading: loading sms/wizard/sms_resend_views.xml 
2026-07-28 05:57:11,699 1 INFO purchase_product_optional_test odoo.modules.loading: loading sms/wizard/sms_template_reset_views.xml 
2026-07-28 05:57:11,706 1 INFO purchase_product_optional_test odoo.modules.loading: loading sms/views/ir_actions_server_views.xml 
2026-07-28 05:57:11,721 1 INFO purchase_product_optional_test odoo.modules.loading: loading sms/views/mail_notification_views.xml 
2026-07-28 05:57:11,731 1 INFO purchase_product_optional_test odoo.modules.loading: loading sms/views/res_config_settings_views.xml 
2026-07-28 05:57:11,745 1 INFO purchase_product_optional_test odoo.modules.loading: loading sms/views/res_partner_views.xml 
2026-07-28 05:57:11,766 1 INFO purchase_product_optional_test odoo.modules.loading: loading sms/views/sms_sms_views.xml 
2026-07-28 05:57:11,782 1 INFO purchase_product_optional_test odoo.modules.loading: loading sms/views/sms_template_views.xml 
2026-07-28 05:57:11,796 1 INFO purchase_product_optional_test odoo.modules.loading: loading sms/security/ir.model.access.csv 
2026-07-28 05:57:11,813 1 INFO purchase_product_optional_test odoo.modules.loading: loading sms/security/sms_security.xml 
2026-07-28 05:57:11,818 1 INFO purchase_product_optional_test odoo.modules.loading: Module sms: loading demo 
2026-07-28 05:57:11,819 1 INFO purchase_product_optional_test odoo.modules.loading: loading sms/data/sms_demo.xml 
2026-07-28 05:57:11,823 1 INFO purchase_product_optional_test odoo.modules.loading: loading sms/data/mail_demo.xml 
2026-07-28 05:57:11,879 1 INFO purchase_product_optional_test odoo.modules.loading: Module sms loaded in 1.11s, 2139 queries (+2139 other) 
2026-07-28 05:57:11,880 1 INFO purchase_product_optional_test odoo.modules.loading: Loading module snailmail (32/56) 
2026-07-28 05:57:11,930 1 INFO purchase_product_optional_test odoo.modules.registry: module snailmail: creating or updating database tables 
2026-07-28 05:57:12,143 1 INFO purchase_product_optional_test odoo.modules.loading: loading snailmail/data/snailmail_data.xml 
2026-07-28 05:57:12,151 1 INFO purchase_product_optional_test odoo.modules.loading: loading snailmail/views/report_assets.xml 
2026-07-28 05:57:12,160 1 INFO purchase_product_optional_test odoo.modules.loading: loading snailmail/views/snailmail_views.xml 
2026-07-28 05:57:12,175 1 INFO purchase_product_optional_test odoo.modules.loading: loading snailmail/wizard/snailmail_letter_format_error_views.xml 
2026-07-28 05:57:12,184 1 INFO purchase_product_optional_test odoo.modules.loading: loading snailmail/wizard/snailmail_letter_missing_required_fields_views.xml 
2026-07-28 05:57:12,192 1 INFO purchase_product_optional_test odoo.modules.loading: loading snailmail/security/ir.model.access.csv 
2026-07-28 05:57:12,227 1 INFO purchase_product_optional_test odoo.modules.loading: Module snailmail loaded in 0.35s, 443 queries (+443 other) 
2026-07-28 05:57:12,228 1 INFO purchase_product_optional_test odoo.modules.loading: Loading module auth_totp_portal (33/56) 
2026-07-28 05:57:12,267 1 INFO purchase_product_optional_test odoo.modules.registry: module auth_totp_portal: creating or updating database tables 
2026-07-28 05:57:12,292 1 INFO purchase_product_optional_test odoo.modules.loading: loading auth_totp_portal/security/security.xml 
2026-07-28 05:57:12,308 1 INFO purchase_product_optional_test odoo.modules.loading: loading auth_totp_portal/views/templates.xml 
2026-07-28 05:57:12,362 1 INFO purchase_product_optional_test odoo.modules.loading: Module auth_totp_portal loaded in 0.13s, 66 queries (+66 other) 
2026-07-28 05:57:12,363 1 INFO purchase_product_optional_test odoo.modules.loading: Loading module digest (34/56) 
2026-07-28 05:57:12,451 1 INFO purchase_product_optional_test odoo.modules.registry: module digest: creating or updating database tables 
2026-07-28 05:57:12,557 1 INFO purchase_product_optional_test odoo.modules.loading: loading digest/security/ir.model.access.csv 
2026-07-28 05:57:12,575 1 INFO purchase_product_optional_test odoo.modules.loading: loading digest/data/digest_data.xml 
2026-07-28 05:57:12,591 1 INFO purchase_product_optional_test odoo.modules.loading: loading digest/data/digest_tips_data.xml 
2026-07-28 05:57:12,606 1 INFO purchase_product_optional_test odoo.modules.loading: loading digest/data/ir_cron_data.xml 
2026-07-28 05:57:12,613 1 INFO purchase_product_optional_test odoo.modules.loading: loading digest/data/res_config_settings_data.xml 
2026-07-28 05:57:12,618 1 INFO purchase_product_optional_test odoo.modules.loading: loading digest/views/digest_views.xml 
2026-07-28 05:57:12,648 1 INFO purchase_product_optional_test odoo.modules.loading: loading digest/views/digest_templates.xml 
2026-07-28 05:57:12,653 1 INFO purchase_product_optional_test odoo.modules.loading: loading digest/views/res_config_settings_views.xml 
2026-07-28 05:57:12,698 1 INFO purchase_product_optional_test odoo.modules.loading: Module digest loaded in 0.33s, 296 queries (+296 other) 
2026-07-28 05:57:12,699 1 INFO purchase_product_optional_test odoo.modules.loading: Loading module payment (35/56) 
2026-07-28 05:57:12,750 1 INFO purchase_product_optional_test odoo.modules.registry: module payment: creating or updating database tables 
2026-07-28 05:57:13,229 1 INFO purchase_product_optional_test odoo.modules.loading: loading payment/data/onboarding_data.xml 
2026-07-28 05:57:13,241 1 INFO purchase_product_optional_test odoo.modules.loading: loading payment/data/payment_method_data.xml 
2026-07-28 05:57:14,492 1 INFO purchase_product_optional_test odoo.modules.loading: loading payment/data/payment_provider_data.xml 
2026-07-28 05:57:14,620 1 INFO purchase_product_optional_test odoo.modules.loading: loading payment/data/payment_cron.xml 
2026-07-28 05:57:14,966 1 INFO purchase_product_optional_test odoo.modules.loading: loading payment/views/express_checkout_templates.xml 
2026-07-28 05:57:14,982 1 INFO purchase_product_optional_test odoo.modules.loading: loading payment/views/payment_form_templates.xml 
2026-07-28 05:57:15,001 1 INFO purchase_product_optional_test odoo.modules.loading: loading payment/views/portal_templates.xml 
2026-07-28 05:57:15,029 1 INFO purchase_product_optional_test odoo.modules.loading: loading payment/views/payment_provider_views.xml 
2026-07-28 05:57:15,052 1 INFO purchase_product_optional_test odoo.modules.loading: loading payment/views/payment_method_views.xml 
2026-07-28 05:57:15,080 1 INFO purchase_product_optional_test odoo.modules.loading: loading payment/views/payment_transaction_views.xml 
2026-07-28 05:57:15,108 1 INFO purchase_product_optional_test odoo.modules.loading: loading payment/views/payment_token_views.xml 
2026-07-28 05:57:15,125 1 INFO purchase_product_optional_test odoo.modules.loading: loading payment/views/res_partner_views.xml 
2026-07-28 05:57:15,135 1 INFO purchase_product_optional_test odoo.modules.loading: loading payment/security/ir.model.access.csv 
2026-07-28 05:57:15,150 1 INFO purchase_product_optional_test odoo.modules.loading: loading payment/security/payment_security.xml 
2026-07-28 05:57:15,173 1 INFO purchase_product_optional_test odoo.modules.loading: loading payment/wizards/payment_capture_wizard_views.xml 
2026-07-28 05:57:15,183 1 INFO purchase_product_optional_test odoo.modules.loading: loading payment/wizards/payment_link_wizard_views.xml 
2026-07-28 05:57:15,193 1 INFO purchase_product_optional_test odoo.modules.loading: loading payment/wizards/payment_onboarding_views.xml 
2026-07-28 05:57:15,237 1 INFO purchase_product_optional_test odoo.modules.loading: Module payment loaded in 2.54s, 2222 queries (+2222 other) 
2026-07-28 05:57:15,243 1 INFO purchase_product_optional_test odoo.modules.loading: Loading module spreadsheet (36/56) 
2026-07-28 05:57:15,297 1 INFO purchase_product_optional_test odoo.modules.registry: module spreadsheet: creating or updating database tables 
2026-07-28 05:57:15,327 1 INFO purchase_product_optional_test odoo.modules.loading: loading spreadsheet/views/public_readonly_spreadsheet_templates.xml 
2026-07-28 05:57:15,374 1 INFO purchase_product_optional_test odoo.modules.loading: Module spreadsheet loaded in 0.13s, 83 queries (+83 other) 
2026-07-28 05:57:15,375 1 INFO purchase_product_optional_test odoo.modules.loading: Loading module account (37/56) 
2026-07-28 05:57:15,547 1 INFO purchase_product_optional_test odoo.modules.registry: module account: creating or updating database tables 
2026-07-28 05:57:15,668 1 INFO purchase_product_optional_test odoo.models: Prepare computation of res.partner.bank.has_iban_warning 
2026-07-28 05:57:15,669 1 INFO purchase_product_optional_test odoo.models: Prepare computation of res.partner.bank.has_money_transfer_warning 
2026-07-28 05:57:18,391 1 INFO purchase_product_optional_test odoo.models: Prepare computation of res.company.account_fiscal_country_id 
2026-07-28 05:57:18,391 1 INFO purchase_product_optional_test odoo.models: Prepare computation of res.company.invoice_terms_html 
2026-07-28 05:57:20,278 1 INFO purchase_product_optional_test odoo.modules.loading: loading account/security/account_security.xml 
2026-07-28 05:57:20,568 1 INFO purchase_product_optional_test odoo.modules.loading: loading account/security/ir.model.access.csv 
2026-07-28 05:57:20,614 1 INFO purchase_product_optional_test odoo.modules.loading: loading account/data/account_data.xml 
2026-07-28 05:57:20,669 1 INFO purchase_product_optional_test odoo.modules.loading: loading account/data/digest_data.xml 
2026-07-28 05:57:20,675 1 INFO purchase_product_optional_test odoo.modules.loading: loading account/views/account_report.xml 
2026-07-28 05:57:20,690 1 INFO purchase_product_optional_test odoo.modules.loading: loading account/data/mail_template_data.xml 
2026-07-28 05:57:20,702 1 INFO purchase_product_optional_test odoo.modules.loading: loading account/data/onboarding_data.xml 
2026-07-28 05:57:20,741 1 INFO purchase_product_optional_test odoo.modules.loading: loading account/views/account_payment_view.xml 
2026-07-28 05:57:20,789 1 INFO purchase_product_optional_test odoo.modules.loading: loading account/wizard/account_automatic_entry_wizard_views.xml 
2026-07-28 05:57:20,797 1 INFO purchase_product_optional_test odoo.modules.loading: loading account/wizard/account_unreconcile_view.xml 
2026-07-28 05:57:20,804 1 INFO purchase_product_optional_test odoo.modules.loading: loading account/wizard/account_move_reversal_view.xml 
2026-07-28 05:57:20,817 1 INFO purchase_product_optional_test odoo.modules.loading: loading account/wizard/account_resequence_views.xml 
2026-07-28 05:57:20,831 1 INFO purchase_product_optional_test odoo.modules.loading: loading account/wizard/account_payment_register_views.xml 
2026-07-28 05:57:20,838 1 INFO purchase_product_optional_test odoo.modules.loading: loading account/views/account_move_views.xml 
2026-07-28 05:57:21,069 1 INFO purchase_product_optional_test odoo.modules.loading: loading account/wizard/setup_wizards_view.xml 
2026-07-28 05:57:21,082 1 INFO purchase_product_optional_test odoo.modules.loading: loading account/views/account_account_views.xml 
2026-07-28 05:57:21,103 1 INFO purchase_product_optional_test odoo.modules.loading: loading account/views/account_group_views.xml 
2026-07-28 05:57:21,112 1 INFO purchase_product_optional_test odoo.modules.loading: loading account/views/account_journal_views.xml 
2026-07-28 05:57:21,140 1 INFO purchase_product_optional_test odoo.modules.loading: loading account/views/account_account_tag_views.xml 
2026-07-28 05:57:21,154 1 INFO purchase_product_optional_test odoo.modules.loading: loading account/views/account_bank_statement_views.xml 
2026-07-28 05:57:21,175 1 INFO purchase_product_optional_test odoo.modules.loading: loading account/views/account_reconcile_model_views.xml 
2026-07-28 05:57:21,199 1 INFO purchase_product_optional_test odoo.modules.loading: loading account/views/account_tax_views.xml 
2026-07-28 05:57:21,239 1 INFO purchase_product_optional_test odoo.modules.loading: loading account/views/account_full_reconcile_views.xml 
2026-07-28 05:57:21,252 1 INFO purchase_product_optional_test odoo.modules.loading: loading account/views/account_payment_term_views.xml 
2026-07-28 05:57:21,267 1 INFO purchase_product_optional_test odoo.modules.loading: loading account/views/account_payment_method.xml 
2026-07-28 05:57:21,278 1 INFO purchase_product_optional_test odoo.modules.loading: loading account/views/res_partner_bank_views.xml 
2026-07-28 05:57:21,297 1 INFO purchase_product_optional_test odoo.modules.loading: loading account/views/report_statement.xml 
2026-07-28 05:57:21,318 1 INFO purchase_product_optional_test odoo.modules.loading: loading account/views/terms_template.xml 
2026-07-28 05:57:21,333 1 INFO purchase_product_optional_test odoo.modules.loading: loading account/wizard/account_validate_move_view.xml 
2026-07-28 05:57:21,347 1 INFO purchase_product_optional_test odoo.modules.loading: loading account/views/res_company_views.xml 
2026-07-28 05:57:21,366 1 INFO purchase_product_optional_test odoo.modules.loading: loading account/views/product_view.xml 
2026-07-28 05:57:21,384 1 INFO purchase_product_optional_test odoo.modules.loading: loading account/views/account_analytic_plan_views.xml 
2026-07-28 05:57:21,391 1 INFO purchase_product_optional_test odoo.modules.loading: loading account/views/account_analytic_account_views.xml 
2026-07-28 05:57:21,403 1 INFO purchase_product_optional_test odoo.modules.loading: loading account/views/account_analytic_distribution_model_views.xml 
2026-07-28 05:57:21,419 1 INFO purchase_product_optional_test odoo.modules.loading: loading account/views/account_analytic_line_views.xml 
2026-07-28 05:57:21,447 1 INFO purchase_product_optional_test odoo.modules.loading: loading account/views/report_invoice.xml 
2026-07-28 05:57:21,479 1 INFO purchase_product_optional_test odoo.modules.loading: loading account/report/account_invoice_report_view.xml 
2026-07-28 05:57:21,507 1 INFO purchase_product_optional_test odoo.modules.loading: loading account/views/account_cash_rounding_view.xml 
2026-07-28 05:57:21,522 1 INFO purchase_product_optional_test odoo.modules.loading: loading account/views/ir_module_views.xml 
2026-07-28 05:57:21,530 1 INFO purchase_product_optional_test odoo.modules.loading: loading account/views/res_config_settings_views.xml 
2026-07-28 05:57:21,557 1 INFO purchase_product_optional_test odoo.modules.loading: loading account/views/partner_view.xml 
2026-07-28 05:57:21,599 1 INFO purchase_product_optional_test odoo.modules.loading: loading account/views/account_journal_dashboard_view.xml 
2026-07-28 05:57:21,614 1 INFO purchase_product_optional_test odoo.modules.loading: loading account/views/account_portal_templates.xml 
2026-07-28 05:57:21,638 1 INFO purchase_product_optional_test odoo.modules.loading: loading account/views/report_payment_receipt_templates.xml 
2026-07-28 05:57:21,645 1 INFO purchase_product_optional_test odoo.modules.loading: loading account/data/service_cron.xml 
2026-07-28 05:57:21,654 1 INFO purchase_product_optional_test odoo.modules.loading: loading account/views/account_incoterms_view.xml 
2026-07-28 05:57:21,664 1 INFO purchase_product_optional_test odoo.modules.loading: loading account/data/account_incoterms_data.xml 
2026-07-28 05:57:21,676 1 INFO purchase_product_optional_test odoo.modules.loading: loading account/views/digest_views.xml 
2026-07-28 05:57:21,687 1 INFO purchase_product_optional_test odoo.modules.loading: loading account/wizard/account_move_send_views.xml 
2026-07-28 05:57:21,696 1 INFO purchase_product_optional_test odoo.modules.loading: loading account/report/account_hash_integrity_templates.xml 
2026-07-28 05:57:21,707 1 INFO purchase_product_optional_test odoo.modules.loading: loading account/views/res_currency.xml 
2026-07-28 05:57:21,713 1 INFO purchase_product_optional_test odoo.modules.loading: loading account/views/account_menuitem.xml 
2026-07-28 05:57:21,851 1 INFO purchase_product_optional_test odoo.modules.loading: loading account/wizard/account_tour_upload_bill.xml 
2026-07-28 05:57:21,865 1 INFO purchase_product_optional_test odoo.modules.loading: loading account/wizard/accrued_orders.xml 
2026-07-28 05:57:21,870 1 INFO purchase_product_optional_test odoo.modules.loading: loading account/views/bill_preview_template.xml 
2026-07-28 05:57:21,878 1 INFO purchase_product_optional_test odoo.modules.loading: loading account/data/account_reports_data.xml 
2026-07-28 05:57:23,266 1 INFO purchase_product_optional_test odoo.modules.loading: loading account/views/uom_uom_views.xml 
2026-07-28 05:57:23,274 1 INFO purchase_product_optional_test odoo.modules.loading: loading account/data/ir_config_parameter_data.xml 
2026-07-28 05:57:23,278 1 INFO purchase_product_optional_test odoo.modules.loading: Module account: loading demo 
2026-07-28 05:57:23,279 1 INFO purchase_product_optional_test odoo.modules.loading: loading account/demo/account_demo.xml 
2026-07-28 05:57:24,522 1 INFO purchase_product_optional_test odoo.addons.mail.models.mail_mail: Mail (mail.mail) with ID 1 and Message-Id '<423216714903889.1785218244.432873725891113-openerp-message-notify@29cf0c10ec3c>' from 'odoobot@example.com' to (redacted) 'a****@yourcompany.example.com' successfully sent 
2026-07-28 05:57:24,524 1 INFO purchase_product_optional_test odoo.addons.mail.models.mail_mail: Total emails tried by SMTP: 1 
2026-07-28 05:57:24,569 1 INFO purchase_product_optional_test odoo.models.unlink: User #1 deleted mail.mail records with IDs: [1] 
2026-07-28 05:57:24,571 1 INFO purchase_product_optional_test odoo.addons.mail.models.mail_mail: Sent batch 1 emails via mail server ID #False 
2026-07-28 05:57:24,608 1 INFO purchase_product_optional_test odoo.addons.mail.models.mail_mail: Mail (mail.mail) with ID 2 and Message-Id '<494524965705860.1785218244.577770233154297-openerp-message-notify@29cf0c10ec3c>' from 'odoobot@example.com' to (redacted) 'a****@yourcompany.example.com' successfully sent 
2026-07-28 05:57:24,610 1 INFO purchase_product_optional_test odoo.addons.mail.models.mail_mail: Total emails tried by SMTP: 1 
2026-07-28 05:57:24,618 1 INFO purchase_product_optional_test odoo.models.unlink: User #1 deleted mail.mail records with IDs: [2] 
2026-07-28 05:57:24,619 1 INFO purchase_product_optional_test odoo.addons.mail.models.mail_mail: Sent batch 1 emails via mail server ID #False 
2026-07-28 05:57:24,659 1 INFO purchase_product_optional_test odoo.addons.mail.models.mail_mail: Mail (mail.mail) with ID 3 and Message-Id '<800524144967722.1785218244.624254703521729-openerp-message-notify@29cf0c10ec3c>' from 'odoobot@example.com' to (redacted) 'a****@yourcompany.example.com' successfully sent 
2026-07-28 05:57:24,661 1 INFO purchase_product_optional_test odoo.addons.mail.models.mail_mail: Total emails tried by SMTP: 1 
2026-07-28 05:57:24,666 1 INFO purchase_product_optional_test odoo.models.unlink: User #1 deleted mail.mail records with IDs: [3] 
2026-07-28 05:57:24,667 1 INFO purchase_product_optional_test odoo.addons.mail.models.mail_mail: Sent batch 1 emails via mail server ID #False 
2026-07-28 05:57:24,691 1 INFO purchase_product_optional_test odoo.addons.mail.models.mail_mail: Mail (mail.mail) with ID 4 and Message-Id '<448922565289130.1785218244.673359394073486-openerp-message-notify@29cf0c10ec3c>' from 'odoobot@example.com' to (redacted) 'a****@yourcompany.example.com' successfully sent 
2026-07-28 05:57:24,692 1 INFO purchase_product_optional_test odoo.addons.mail.models.mail_mail: Total emails tried by SMTP: 1 
2026-07-28 05:57:24,702 1 INFO purchase_product_optional_test odoo.models.unlink: User #1 deleted mail.mail records with IDs: [4] 
2026-07-28 05:57:24,703 1 INFO purchase_product_optional_test odoo.addons.mail.models.mail_mail: Sent batch 1 emails via mail server ID #False 
2026-07-28 05:57:25,202 1 INFO purchase_product_optional_test odoo.addons.base.models.ir_module: ALLOW access to module.button_install on ['Check Printing Base'] to user __system__ #1 via n/a 
2026-07-28 05:57:25,462 1 INFO purchase_product_optional_test odoo.modules.loading: Module account loaded in 10.09s, 8612 queries (+8613 other) 
2026-07-28 05:57:25,462 1 INFO purchase_product_optional_test odoo.modules.loading: Loading module spreadsheet_dashboard (38/56) 
2026-07-28 05:57:25,539 1 INFO purchase_product_optional_test odoo.modules.registry: module spreadsheet_dashboard: creating or updating database tables 
2026-07-28 05:57:25,631 1 INFO purchase_product_optional_test odoo.modules.loading: loading spreadsheet_dashboard/security/security.xml 
2026-07-28 05:57:25,680 1 INFO purchase_product_optional_test odoo.modules.loading: loading spreadsheet_dashboard/security/ir.model.access.csv 
2026-07-28 05:57:25,689 1 INFO purchase_product_optional_test odoo.modules.loading: loading spreadsheet_dashboard/views/spreadsheet_dashboard_views.xml 
2026-07-28 05:57:25,701 1 INFO purchase_product_optional_test odoo.modules.loading: loading spreadsheet_dashboard/views/menu_views.xml 
2026-07-28 05:57:25,720 1 INFO purchase_product_optional_test odoo.modules.loading: loading spreadsheet_dashboard/data/dashboard.xml 
2026-07-28 05:57:25,758 1 INFO purchase_product_optional_test odoo.modules.loading: Module spreadsheet_dashboard loaded in 0.30s, 267 queries (+267 other) 
2026-07-28 05:57:25,760 1 INFO purchase_product_optional_test odoo.modules.loading: Loading module account_add_gln (39/56) 
2026-07-28 05:57:25,819 1 INFO purchase_product_optional_test odoo.modules.registry: module account_add_gln: creating or updating database tables 
2026-07-28 05:57:25,860 1 INFO purchase_product_optional_test odoo.modules.loading: loading account_add_gln/views/res_partner_views.xml 
2026-07-28 05:57:25,890 1 INFO purchase_product_optional_test odoo.modules.loading: Module account_add_gln loaded in 0.13s, 94 queries (+94 other) 
2026-07-28 05:57:25,891 1 INFO purchase_product_optional_test odoo.modules.loading: Loading module account_edi_ubl_cii (40/56) 
2026-07-28 05:57:26,084 1 INFO purchase_product_optional_test odoo.modules.registry: module account_edi_ubl_cii: creating or updating database tables 
2026-07-28 05:57:26,102 1 INFO purchase_product_optional_test odoo.models: Prepare computation of res.partner.ubl_cii_format 
2026-07-28 05:57:26,103 1 INFO purchase_product_optional_test odoo.models: Prepare computation of res.partner.peppol_endpoint 
2026-07-28 05:57:26,103 1 INFO purchase_product_optional_test odoo.models: Prepare computation of res.partner.peppol_eas 
2026-07-28 05:57:26,249 1 INFO purchase_product_optional_test odoo.modules.loading: loading account_edi_ubl_cii/data/cii_22_templates.xml 
2026-07-28 05:57:26,270 1 INFO purchase_product_optional_test odoo.modules.loading: loading account_edi_ubl_cii/data/ubl_20_templates.xml 
2026-07-28 05:57:26,334 1 INFO purchase_product_optional_test odoo.modules.loading: loading account_edi_ubl_cii/data/ubl_21_templates.xml 
2026-07-28 05:57:26,356 1 INFO purchase_product_optional_test odoo.modules.loading: loading account_edi_ubl_cii/views/account_move_views.xml 
2026-07-28 05:57:26,364 1 INFO purchase_product_optional_test odoo.modules.loading: loading account_edi_ubl_cii/views/res_config_settings_views.xml 
2026-07-28 05:57:26,375 1 INFO purchase_product_optional_test odoo.modules.loading: loading account_edi_ubl_cii/views/res_partner_views.xml 
2026-07-28 05:57:26,396 1 INFO purchase_product_optional_test odoo.modules.loading: loading account_edi_ubl_cii/wizard/account_move_send_views.xml 
2026-07-28 05:57:26,431 1 INFO purchase_product_optional_test odoo.modules.loading: Module account_edi_ubl_cii loaded in 0.54s, 437 queries (+437 other) 
2026-07-28 05:57:26,431 1 INFO purchase_product_optional_test odoo.modules.loading: Loading module account_payment (41/56) 
2026-07-28 05:57:26,502 1 INFO purchase_product_optional_test odoo.modules.registry: module account_payment: creating or updating database tables 
2026-07-28 05:57:26,531 1 INFO purchase_product_optional_test odoo.models: Prepare computation of account.payment.method.line.payment_provider_id 
2026-07-28 05:57:26,676 1 INFO purchase_product_optional_test odoo.modules.loading: loading account_payment/data/ir_config_parameter.xml 
2026-07-28 05:57:26,686 1 INFO purchase_product_optional_test odoo.modules.loading: loading account_payment/data/onboarding_data.xml 
2026-07-28 05:57:26,697 1 INFO purchase_product_optional_test odoo.modules.loading: loading account_payment/security/ir.model.access.csv 
2026-07-28 05:57:26,712 1 INFO purchase_product_optional_test odoo.modules.loading: loading account_payment/security/ir_rules.xml 
2026-07-28 05:57:26,719 1 INFO purchase_product_optional_test odoo.modules.loading: loading account_payment/views/account_payment_menus.xml 
2026-07-28 05:57:26,739 1 INFO purchase_product_optional_test odoo.modules.loading: loading account_payment/views/account_portal_templates.xml 
2026-07-28 05:57:26,766 1 INFO purchase_product_optional_test odoo.modules.loading: loading account_payment/views/account_move_views.xml 
2026-07-28 05:57:26,781 1 INFO purchase_product_optional_test odoo.modules.loading: loading account_payment/views/account_journal_views.xml 
2026-07-28 05:57:26,792 1 INFO purchase_product_optional_test odoo.modules.loading: loading account_payment/views/account_payment_views.xml 
2026-07-28 05:57:26,817 1 INFO purchase_product_optional_test odoo.modules.loading: loading account_payment/views/payment_provider_views.xml 
2026-07-28 05:57:26,825 1 INFO purchase_product_optional_test odoo.modules.loading: loading account_payment/views/payment_transaction_views.xml 
2026-07-28 05:57:26,833 1 INFO purchase_product_optional_test odoo.modules.loading: loading account_payment/wizards/account_payment_register_views.xml 
2026-07-28 05:57:26,841 1 INFO purchase_product_optional_test odoo.modules.loading: loading account_payment/wizards/payment_link_wizard_views.xml 
2026-07-28 05:57:26,849 1 INFO purchase_product_optional_test odoo.modules.loading: loading account_payment/wizards/payment_refund_wizard_views.xml 
2026-07-28 05:57:26,856 1 INFO purchase_product_optional_test odoo.modules.loading: loading account_payment/wizards/res_config_settings_views.xml 
2026-07-28 05:57:26,930 1 INFO purchase_product_optional_test odoo.modules.loading: Module account_payment loaded in 0.50s, 472 queries (+472 other) 
2026-07-28 05:57:26,931 1 INFO purchase_product_optional_test odoo.modules.loading: Loading module account_payment_term (42/56) 
2026-07-28 05:57:26,989 1 INFO purchase_product_optional_test odoo.modules.registry: module account_payment_term: creating or updating database tables 
2026-07-28 05:57:27,020 1 INFO purchase_product_optional_test odoo.modules.loading: loading account_payment_term/views/account_payment_term_views.xml 
2026-07-28 05:57:27,032 1 INFO purchase_product_optional_test odoo.modules.loading: Module account_payment_term: loading demo 
2026-07-28 05:57:27,035 1 INFO purchase_product_optional_test odoo.modules.loading: loading account_payment_term/demo/account_payment_term_demo.xml 
2026-07-28 05:57:27,071 1 INFO purchase_product_optional_test odoo.modules.loading: Module account_payment_term loaded in 0.14s, 64 queries (+64 other) 
2026-07-28 05:57:27,072 1 INFO purchase_product_optional_test odoo.modules.loading: Loading module product_matrix (43/56) 
2026-07-28 05:57:27,126 1 INFO purchase_product_optional_test odoo.modules.registry: module product_matrix: creating or updating database tables 
2026-07-28 05:57:27,154 1 INFO purchase_product_optional_test odoo.modules.loading: loading product_matrix/views/matrix_templates.xml 
2026-07-28 05:57:27,175 1 INFO purchase_product_optional_test odoo.modules.loading: Module product_matrix: loading demo 
2026-07-28 05:57:27,177 1 INFO purchase_product_optional_test odoo.modules.loading: loading product_matrix/data/product_matrix_demo.xml 
2026-07-28 05:57:27,338 1 INFO purchase_product_optional_test odoo.models.unlink: User #1 deleted mail.message records with IDs: [112] 
2026-07-28 05:57:27,347 1 INFO purchase_product_optional_test odoo.models.unlink: User #1 deleted ir.property records with IDs: [62] 
2026-07-28 05:57:27,347 1 INFO purchase_product_optional_test odoo.models.unlink: User #1 deleted product.product records with IDs: [36] 
2026-07-28 05:57:27,390 1 INFO purchase_product_optional_test odoo.models.unlink: User #1 deleted mail.message records with IDs: [117, 116, 115, 114, 113] 
2026-07-28 05:57:27,404 1 INFO purchase_product_optional_test odoo.models.unlink: User #1 deleted product.product records with IDs: [37, 38, 39, 40, 41] 
2026-07-28 05:57:27,477 1 INFO purchase_product_optional_test odoo.models.unlink: User #1 deleted mail.message records with IDs: [127, 126, 125, 124, 123, 122, 121, 120, 119, 118] 
2026-07-28 05:57:27,484 1 INFO purchase_product_optional_test odoo.models.unlink: User #1 deleted product.product records with IDs: [42, 43, 44, 45, 46, 47, 48, 49, 50, 51] 
2026-07-28 05:57:27,509 1 INFO purchase_product_optional_test odoo.modules.loading: Module product_matrix loaded in 0.44s, 488 queries (+488 other) 
2026-07-28 05:57:27,517 1 INFO purchase_product_optional_test odoo.modules.loading: Loading module purchase (44/56) 
2026-07-28 05:57:27,656 1 INFO purchase_product_optional_test odoo.modules.registry: module purchase: creating or updating database tables 
2026-07-28 05:57:27,733 1 INFO purchase_product_optional_test odoo.models: Prepare computation of product.template.purchase_method 
2026-07-28 05:57:27,973 1 INFO purchase_product_optional_test odoo.modules.loading: loading purchase/security/purchase_security.xml 
2026-07-28 05:57:28,129 1 INFO purchase_product_optional_test odoo.modules.loading: loading purchase/security/ir.model.access.csv 
2026-07-28 05:57:28,151 1 INFO purchase_product_optional_test odoo.modules.loading: loading purchase/data/digest_data.xml 
2026-07-28 05:57:28,163 1 INFO purchase_product_optional_test odoo.modules.loading: loading purchase/views/account_move_views.xml 
2026-07-28 05:57:28,176 1 INFO purchase_product_optional_test odoo.modules.loading: loading purchase/data/purchase_data.xml 
2026-07-28 05:57:28,196 1 INFO purchase_product_optional_test odoo.modules.loading: loading purchase/data/ir_cron_data.xml 
2026-07-28 05:57:28,202 1 INFO purchase_product_optional_test odoo.modules.loading: loading purchase/report/purchase_reports.xml 
2026-07-28 05:57:28,207 1 INFO purchase_product_optional_test odoo.modules.loading: loading purchase/views/purchase_views.xml 
2026-07-28 05:57:28,321 1 INFO purchase_product_optional_test odoo.modules.loading: loading purchase/views/res_config_settings_views.xml 
2026-07-28 05:57:28,342 1 INFO purchase_product_optional_test odoo.modules.loading: loading purchase/views/product_views.xml 
2026-07-28 05:57:28,388 1 INFO purchase_product_optional_test odoo.modules.loading: loading purchase/views/res_partner_views.xml 
2026-07-28 05:57:28,420 1 INFO purchase_product_optional_test odoo.modules.loading: loading purchase/report/purchase_bill_views.xml 
2026-07-28 05:57:28,428 1 INFO purchase_product_optional_test odoo.modules.loading: loading purchase/report/purchase_report_views.xml 
2026-07-28 05:57:28,451 1 INFO purchase_product_optional_test odoo.modules.loading: loading purchase/data/mail_templates.xml 
2026-07-28 05:57:28,458 1 INFO purchase_product_optional_test odoo.modules.loading: loading purchase/data/mail_template_data.xml 
2026-07-28 05:57:28,470 1 INFO purchase_product_optional_test odoo.modules.loading: loading purchase/views/portal_templates.xml 
2026-07-28 05:57:28,501 1 INFO purchase_product_optional_test odoo.modules.loading: loading purchase/report/purchase_order_templates.xml 
2026-07-28 05:57:28,514 1 INFO purchase_product_optional_test odoo.modules.loading: loading purchase/report/purchase_quotation_templates.xml 
2026-07-28 05:57:28,526 1 INFO purchase_product_optional_test odoo.modules.loading: loading purchase/views/product_packaging_views.xml 
2026-07-28 05:57:28,542 1 INFO purchase_product_optional_test odoo.modules.loading: loading purchase/views/analytic_account_views.xml 
2026-07-28 05:57:28,557 1 INFO purchase_product_optional_test odoo.modules.loading: Module purchase: loading demo 
2026-07-28 05:57:28,560 1 INFO purchase_product_optional_test odoo.modules.loading: loading purchase/data/purchase_demo.xml 
2026-07-28 05:57:29,111 1 INFO purchase_product_optional_test odoo.addons.mail.models.mail_mail: Mail (mail.mail) with ID 5 and Message-Id '<243116942198509.1785218249.075694322586060-openerp-message-notify@29cf0c10ec3c>' from 'odoobot@example.com' to (redacted) 'a****@yourcompany.example.com' successfully sent 
2026-07-28 05:57:29,112 1 INFO purchase_product_optional_test odoo.addons.mail.models.mail_mail: Total emails tried by SMTP: 1 
2026-07-28 05:57:29,146 1 INFO purchase_product_optional_test odoo.models.unlink: User #1 deleted mail.mail records with IDs: [5] 
2026-07-28 05:57:29,147 1 INFO purchase_product_optional_test odoo.addons.mail.models.mail_mail: Sent batch 1 emails via mail server ID #False 
2026-07-28 05:57:29,175 1 INFO purchase_product_optional_test odoo.addons.mail.models.mail_mail: Mail (mail.mail) with ID 6 and Message-Id '<633517445821216.1785218249.157019376754761-openerp-message-notify@29cf0c10ec3c>' from 'odoobot@example.com' to (redacted) 'a****@yourcompany.example.com' successfully sent 
2026-07-28 05:57:29,176 1 INFO purchase_product_optional_test odoo.addons.mail.models.mail_mail: Total emails tried by SMTP: 1 
2026-07-28 05:57:29,182 1 INFO purchase_product_optional_test odoo.models.unlink: User #1 deleted mail.mail records with IDs: [6] 
2026-07-28 05:57:29,182 1 INFO purchase_product_optional_test odoo.addons.mail.models.mail_mail: Sent batch 1 emails via mail server ID #False 
2026-07-28 05:57:29,212 1 INFO purchase_product_optional_test odoo.addons.mail.models.mail_mail: Mail (mail.mail) with ID 7 and Message-Id '<776052571719696.1785218249.191469907760620-openerp-message-notify@29cf0c10ec3c>' from 'odoobot@example.com' to (redacted) 'a****@yourcompany.example.com' successfully sent 
2026-07-28 05:57:29,217 1 INFO purchase_product_optional_test odoo.addons.mail.models.mail_mail: Total emails tried by SMTP: 1 
2026-07-28 05:57:29,223 1 INFO purchase_product_optional_test odoo.models.unlink: User #1 deleted mail.mail records with IDs: [7] 
2026-07-28 05:57:29,223 1 INFO purchase_product_optional_test odoo.addons.mail.models.mail_mail: Sent batch 1 emails via mail server ID #False 
2026-07-28 05:57:29,254 1 INFO purchase_product_optional_test odoo.addons.mail.models.mail_mail: Mail (mail.mail) with ID 8 and Message-Id '<856232058460107.1785218249.233813524246216-openerp-message-notify@29cf0c10ec3c>' from 'odoobot@example.com' to (redacted) 'a****@yourcompany.example.com' successfully sent 
2026-07-28 05:57:29,254 1 INFO purchase_product_optional_test odoo.addons.mail.models.mail_mail: Total emails tried by SMTP: 1 
2026-07-28 05:57:29,260 1 INFO purchase_product_optional_test odoo.models.unlink: User #1 deleted mail.mail records with IDs: [8] 
2026-07-28 05:57:29,261 1 INFO purchase_product_optional_test odoo.addons.mail.models.mail_mail: Sent batch 1 emails via mail server ID #False 
2026-07-28 05:57:29,354 1 INFO purchase_product_optional_test odoo.modules.loading: Module purchase loaded in 1.84s, 2799 queries (+2800 other) 
2026-07-28 05:57:29,356 1 INFO purchase_product_optional_test odoo.modules.loading: Loading module snailmail_account (45/56) 
2026-07-28 05:57:29,424 1 INFO purchase_product_optional_test odoo.modules.registry: module snailmail_account: creating or updating database tables 
2026-07-28 05:57:29,492 1 INFO purchase_product_optional_test odoo.modules.loading: loading snailmail_account/views/res_config_settings_views.xml 
2026-07-28 05:57:29,512 1 INFO purchase_product_optional_test odoo.modules.loading: loading snailmail_account/wizard/account_move_send_views.xml 
2026-07-28 05:57:29,577 1 INFO purchase_product_optional_test odoo.modules.loading: Module snailmail_account loaded in 0.22s, 130 queries (+130 other) 
2026-07-28 05:57:29,578 1 INFO purchase_product_optional_test odoo.modules.loading: Loading module spreadsheet_account (46/56) 
2026-07-28 05:57:29,660 1 INFO purchase_product_optional_test odoo.modules.registry: module spreadsheet_account: creating or updating database tables 
2026-07-28 05:57:29,718 1 INFO purchase_product_optional_test odoo.modules.loading: Module spreadsheet_account loaded in 0.14s, 53 queries (+53 other) 
2026-07-28 05:57:29,718 1 INFO purchase_product_optional_test odoo.modules.loading: Loading module spreadsheet_dashboard_account (47/56) 
2026-07-28 05:57:29,816 1 INFO purchase_product_optional_test odoo.modules.loading: loading spreadsheet_dashboard_account/data/dashboards.xml 
2026-07-28 05:57:29,867 1 INFO purchase_product_optional_test odoo.modules.loading: Module spreadsheet_dashboard_account loaded in 0.15s, 27 queries (+27 other) 
2026-07-28 05:57:29,877 1 INFO purchase_product_optional_test odoo.modules.loading: Loading module purchase_product_matrix (48/56) 
2026-07-28 05:57:29,934 1 INFO purchase_product_optional_test odoo.modules.registry: module purchase_product_matrix: creating or updating database tables 
2026-07-28 05:57:30,023 1 INFO purchase_product_optional_test odoo.modules.loading: loading purchase_product_matrix/views/purchase_views.xml 
2026-07-28 05:57:30,036 1 INFO purchase_product_optional_test odoo.modules.loading: loading purchase_product_matrix/report/purchase_quotation_templates.xml 
2026-07-28 05:57:30,051 1 INFO purchase_product_optional_test odoo.modules.loading: loading purchase_product_matrix/report/purchase_order_templates.xml 
2026-07-28 05:57:30,108 1 INFO purchase_product_optional_test odoo.modules.loading: Module purchase_product_matrix loaded in 0.23s, 105 queries (+105 other) 
2026-07-28 05:57:30,108 1 INFO purchase_product_optional_test odoo.modules.loading: Loading module sale (49/56) 
2026-07-28 05:57:30,432 1 INFO purchase_product_optional_test odoo.modules.registry: module sale: creating or updating database tables 
2026-07-28 05:57:30,444 1 INFO purchase_product_optional_test odoo.models: Prepare computation of account.move.team_id 
2026-07-28 05:57:30,569 1 INFO purchase_product_optional_test odoo.models: Prepare computation of product.template.service_type 
2026-07-28 05:57:30,574 1 INFO purchase_product_optional_test odoo.models: Prepare computation of product.template.expense_policy 
2026-07-28 05:57:30,577 1 INFO purchase_product_optional_test odoo.models: Prepare computation of product.template.invoice_policy 
2026-07-28 05:57:31,583 1 INFO purchase_product_optional_test odoo.modules.loading: loading sale/security/ir.model.access.csv 
2026-07-28 05:57:31,637 1 INFO purchase_product_optional_test odoo.modules.loading: loading sale/security/res_groups.xml 
2026-07-28 05:57:31,669 1 INFO purchase_product_optional_test odoo.modules.loading: loading sale/security/ir_rules.xml 
2026-07-28 05:57:31,754 1 INFO purchase_product_optional_test odoo.modules.loading: loading sale/report/account_invoice_report_views.xml 
2026-07-28 05:57:31,771 1 INFO purchase_product_optional_test odoo.modules.loading: loading sale/report/ir_actions_report_templates.xml 
2026-07-28 05:57:31,793 1 INFO purchase_product_optional_test odoo.modules.loading: loading sale/report/ir_actions_report.xml 
2026-07-28 05:57:31,803 1 INFO purchase_product_optional_test odoo.modules.loading: loading sale/report/sale_report_views.xml 
2026-07-28 05:57:31,840 1 INFO purchase_product_optional_test odoo.modules.loading: loading sale/data/ir_cron.xml 
2026-07-28 05:57:31,862 1 INFO purchase_product_optional_test odoo.modules.loading: loading sale/data/ir_sequence_data.xml 
2026-07-28 05:57:31,878 1 INFO purchase_product_optional_test odoo.modules.loading: loading sale/data/mail_activity_type_data.xml 
2026-07-28 05:57:31,891 1 INFO purchase_product_optional_test odoo.modules.loading: loading sale/data/mail_message_subtype_data.xml 
2026-07-28 05:57:31,909 1 INFO purchase_product_optional_test odoo.modules.loading: loading sale/data/mail_template_data.xml 
2026-07-28 05:57:31,921 1 INFO purchase_product_optional_test odoo.modules.loading: loading sale/data/ir_config_parameter.xml 
2026-07-28 05:57:31,937 1 INFO purchase_product_optional_test odoo.modules.loading: loading sale/data/onboarding_data.xml 
2026-07-28 05:57:31,950 1 INFO purchase_product_optional_test odoo.modules.loading: loading sale/wizard/account_accrued_orders_wizard_views.xml 
2026-07-28 05:57:31,958 1 INFO purchase_product_optional_test odoo.modules.loading: loading sale/wizard/mass_cancel_orders_views.xml 
2026-07-28 05:57:31,965 1 INFO purchase_product_optional_test odoo.modules.loading: loading sale/wizard/payment_link_wizard_views.xml 
2026-07-28 05:57:31,973 1 INFO purchase_product_optional_test odoo.modules.loading: loading sale/wizard/res_config_settings_views.xml 
2026-07-28 05:57:32,058 1 INFO purchase_product_optional_test odoo.modules.loading: loading sale/wizard/sale_make_invoice_advance_views.xml 
2026-07-28 05:57:32,069 1 INFO purchase_product_optional_test odoo.modules.loading: loading sale/wizard/sale_order_cancel_views.xml 
2026-07-28 05:57:32,076 1 INFO purchase_product_optional_test odoo.modules.loading: loading sale/wizard/sale_order_discount_views.xml 
2026-07-28 05:57:32,081 1 INFO purchase_product_optional_test odoo.modules.loading: loading sale/views/sale_order_views.xml 
2026-07-28 05:57:32,172 1 INFO purchase_product_optional_test odoo.modules.loading: loading sale/views/account_views.xml 
2026-07-28 05:57:32,203 1 INFO purchase_product_optional_test odoo.modules.loading: loading sale/views/crm_team_views.xml 
2026-07-28 05:57:32,224 1 INFO purchase_product_optional_test odoo.modules.loading: loading sale/views/mail_activity_views.xml 
2026-07-28 05:57:32,229 1 INFO purchase_product_optional_test odoo.modules.loading: loading sale/views/mail_activity_plan_views.xml 
2026-07-28 05:57:32,233 1 INFO purchase_product_optional_test odoo.modules.loading: loading sale/views/payment_views.xml 
2026-07-28 05:57:32,252 1 INFO purchase_product_optional_test odoo.modules.loading: loading sale/views/product_document_views.xml 
2026-07-28 05:57:32,275 1 INFO purchase_product_optional_test odoo.modules.loading: loading sale/views/product_packaging_views.xml 
2026-07-28 05:57:32,286 1 INFO purchase_product_optional_test odoo.modules.loading: loading sale/views/product_views.xml 
2026-07-28 05:57:32,325 1 INFO purchase_product_optional_test odoo.modules.loading: loading sale/views/res_partner_views.xml 
2026-07-28 05:57:32,366 1 INFO purchase_product_optional_test odoo.modules.loading: loading sale/views/sale_order_line_views.xml 
2026-07-28 05:57:32,382 1 INFO purchase_product_optional_test odoo.modules.loading: loading sale/views/sale_portal_templates.xml 
2026-07-28 05:57:32,420 1 INFO purchase_product_optional_test odoo.modules.loading: loading sale/views/utm_campaign_views.xml 
2026-07-28 05:57:32,448 1 INFO purchase_product_optional_test odoo.modules.loading: loading sale/views/sale_menus.xml 
2026-07-28 05:57:32,555 1 INFO purchase_product_optional_test odoo.modules.loading: Module sale: loading demo 
2026-07-28 05:57:32,556 1 INFO purchase_product_optional_test odoo.modules.loading: loading sale/data/product_demo.xml 
2026-07-28 05:57:32,724 1 INFO purchase_product_optional_test odoo.modules.loading: loading sale/data/sale_demo.xml 
2026-07-28 05:57:33,521 1 INFO purchase_product_optional_test odoo.addons.mail.models.mail_mail: Mail (mail.mail) with ID 9 and Message-Id '<754754464142365.1785218253.487866401672363-openerp-message-notify@29cf0c10ec3c>' from 'odoobot@example.com' to (redacted) 'a****@yourcompany.example.com' successfully sent 
2026-07-28 05:57:33,525 1 INFO purchase_product_optional_test odoo.addons.mail.models.mail_mail: Total emails tried by SMTP: 1 
2026-07-28 05:57:33,535 1 INFO purchase_product_optional_test odoo.models.unlink: User #1 deleted mail.mail records with IDs: [9] 
2026-07-28 05:57:33,536 1 INFO purchase_product_optional_test odoo.addons.mail.models.mail_mail: Sent batch 1 emails via mail server ID #False 
2026-07-28 05:57:33,565 1 INFO purchase_product_optional_test odoo.addons.mail.models.mail_mail: Mail (mail.mail) with ID 10 and Message-Id '<685025061109212.1785218253.546499013900757-openerp-message-notify@29cf0c10ec3c>' from 'odoobot@example.com' to (redacted) 'a****@yourcompany.example.com' successfully sent 
2026-07-28 05:57:33,568 1 INFO purchase_product_optional_test odoo.addons.mail.models.mail_mail: Total emails tried by SMTP: 1 
2026-07-28 05:57:33,575 1 INFO purchase_product_optional_test odoo.models.unlink: User #1 deleted mail.mail records with IDs: [10] 
2026-07-28 05:57:33,576 1 INFO purchase_product_optional_test odoo.addons.mail.models.mail_mail: Sent batch 1 emails via mail server ID #False 
2026-07-28 05:57:33,609 1 INFO purchase_product_optional_test odoo.addons.mail.models.mail_mail: Mail (mail.mail) with ID 11 and Message-Id '<781466227267783.1785218253.589202404022217-openerp-message-notify@29cf0c10ec3c>' from 'odoobot@example.com' to (redacted) 'm*********23@example.com' successfully sent 
2026-07-28 05:57:33,613 1 INFO purchase_product_optional_test odoo.addons.mail.models.mail_mail: Total emails tried by SMTP: 1 
2026-07-28 05:57:33,623 1 INFO purchase_product_optional_test odoo.models.unlink: User #1 deleted mail.mail records with IDs: [11] 
2026-07-28 05:57:33,624 1 INFO purchase_product_optional_test odoo.addons.mail.models.mail_mail: Sent batch 1 emails via mail server ID #False 
2026-07-28 05:57:33,656 1 INFO purchase_product_optional_test odoo.addons.mail.models.mail_mail: Mail (mail.mail) with ID 12 and Message-Id '<723965296877940.1785218253.637424945831299-openerp-message-notify@29cf0c10ec3c>' from 'odoobot@example.com' to (redacted) 'a****@yourcompany.example.com' successfully sent 
2026-07-28 05:57:33,659 1 INFO purchase_product_optional_test odoo.addons.mail.models.mail_mail: Total emails tried by SMTP: 1 
2026-07-28 05:57:33,666 1 INFO purchase_product_optional_test odoo.models.unlink: User #1 deleted mail.mail records with IDs: [12] 
2026-07-28 05:57:33,669 1 INFO purchase_product_optional_test odoo.addons.mail.models.mail_mail: Sent batch 1 emails via mail server ID #False 
2026-07-28 05:57:33,701 1 INFO purchase_product_optional_test odoo.addons.mail.models.mail_mail: Mail (mail.mail) with ID 13 and Message-Id '<048794518342461.1785218253.681584119796753-openerp-message-notify@29cf0c10ec3c>' from 'odoobot@example.com' to (redacted) 'm*********23@example.com' successfully sent 
2026-07-28 05:57:33,703 1 INFO purchase_product_optional_test odoo.addons.mail.models.mail_mail: Total emails tried by SMTP: 1 
2026-07-28 05:57:33,707 1 INFO purchase_product_optional_test odoo.models.unlink: User #1 deleted mail.mail records with IDs: [13] 
2026-07-28 05:57:33,708 1 INFO purchase_product_optional_test odoo.addons.mail.models.mail_mail: Sent batch 1 emails via mail server ID #False 
2026-07-28 05:57:33,741 1 INFO purchase_product_optional_test odoo.addons.mail.models.mail_mail: Mail (mail.mail) with ID 14 and Message-Id '<754700975957810.1785218253.719288349151611-openerp-message-notify@29cf0c10ec3c>' from 'odoobot@example.com' to (redacted) 'm*********23@example.com' successfully sent 
2026-07-28 05:57:33,742 1 INFO purchase_product_optional_test odoo.addons.mail.models.mail_mail: Total emails tried by SMTP: 1 
2026-07-28 05:57:33,748 1 INFO purchase_product_optional_test odoo.models.unlink: User #1 deleted mail.mail records with IDs: [14] 
2026-07-28 05:57:33,749 1 INFO purchase_product_optional_test odoo.addons.mail.models.mail_mail: Sent batch 1 emails via mail server ID #False 
2026-07-28 05:57:33,779 1 INFO purchase_product_optional_test odoo.addons.mail.models.mail_mail: Mail (mail.mail) with ID 15 and Message-Id '<608291418821106.1785218253.759226322174072-openerp-message-notify@29cf0c10ec3c>' from 'odoobot@example.com' to (redacted) 'm*********23@example.com' successfully sent 
2026-07-28 05:57:33,781 1 INFO purchase_product_optional_test odoo.addons.mail.models.mail_mail: Total emails tried by SMTP: 1 
2026-07-28 05:57:33,790 1 INFO purchase_product_optional_test odoo.models.unlink: User #1 deleted mail.mail records with IDs: [15] 
2026-07-28 05:57:33,792 1 INFO purchase_product_optional_test odoo.addons.mail.models.mail_mail: Sent batch 1 emails via mail server ID #False 
2026-07-28 05:57:33,827 1 INFO purchase_product_optional_test odoo.addons.mail.models.mail_mail: Mail (mail.mail) with ID 16 and Message-Id '<897436317793658.1785218253.805115938186646-openerp-message-notify@29cf0c10ec3c>' from 'odoobot@example.com' to (redacted) 'a****@yourcompany.example.com' successfully sent 
2026-07-28 05:57:33,828 1 INFO purchase_product_optional_test odoo.addons.mail.models.mail_mail: Total emails tried by SMTP: 1 
2026-07-28 05:57:33,833 1 INFO purchase_product_optional_test odoo.models.unlink: User #1 deleted mail.mail records with IDs: [16] 
2026-07-28 05:57:33,836 1 INFO purchase_product_optional_test odoo.addons.mail.models.mail_mail: Sent batch 1 emails via mail server ID #False 
2026-07-28 05:57:33,899 1 INFO purchase_product_optional_test odoo.modules.loading: Module sale loaded in 3.79s, 4649 queries (+4650 other) 
2026-07-28 05:57:33,899 1 INFO purchase_product_optional_test odoo.modules.loading: Loading module spreadsheet_dashboard_purchase (50/56) 
2026-07-28 05:57:33,955 1 INFO purchase_product_optional_test odoo.modules.loading: loading spreadsheet_dashboard_purchase/data/dashboards.xml 
2026-07-28 05:57:33,999 1 INFO purchase_product_optional_test odoo.modules.loading: Module spreadsheet_dashboard_purchase loaded in 0.10s, 26 queries (+26 other) 
2026-07-28 05:57:34,002 1 INFO purchase_product_optional_test odoo.modules.loading: Loading module sale_async_emails (51/56) 
2026-07-28 05:57:34,051 1 INFO purchase_product_optional_test odoo.modules.registry: module sale_async_emails: creating or updating database tables 
2026-07-28 05:57:34,089 1 INFO purchase_product_optional_test odoo.modules.loading: loading sale_async_emails/data/ir_config_parameter.xml 
2026-07-28 05:57:34,097 1 INFO purchase_product_optional_test odoo.modules.loading: loading sale_async_emails/data/ir_cron.xml 
2026-07-28 05:57:34,118 1 INFO purchase_product_optional_test odoo.modules.loading: Module sale_async_emails loaded in 0.12s, 76 queries (+76 other) 
2026-07-28 05:57:34,119 1 INFO purchase_product_optional_test odoo.modules.loading: Loading module sale_product_configurator (52/56) 
2026-07-28 05:57:34,195 1 INFO purchase_product_optional_test odoo.modules.registry: module sale_product_configurator: creating or updating database tables 
2026-07-28 05:57:34,303 1 INFO purchase_product_optional_test odoo.modules.loading: loading sale_product_configurator/views/product_template_views.xml 
2026-07-28 05:57:34,318 1 INFO purchase_product_optional_test odoo.modules.loading: loading sale_product_configurator/views/sale_order_views.xml 
2026-07-28 05:57:34,326 1 INFO purchase_product_optional_test odoo.modules.loading: Module sale_product_configurator: loading demo 
2026-07-28 05:57:34,328 1 INFO purchase_product_optional_test odoo.modules.loading: loading sale_product_configurator/data/sale_demo.xml 
2026-07-28 05:57:34,406 1 INFO purchase_product_optional_test odoo.modules.loading: Module sale_product_configurator loaded in 0.29s, 212 queries (+212 other) 
2026-07-28 05:57:34,406 1 INFO purchase_product_optional_test odoo.modules.loading: Loading module sale_purchase (53/56) 
2026-07-28 05:57:34,464 1 INFO purchase_product_optional_test odoo.modules.registry: module sale_purchase: creating or updating database tables 
2026-07-28 05:57:34,537 1 INFO purchase_product_optional_test odoo.modules.loading: loading sale_purchase/data/mail_templates.xml 
2026-07-28 05:57:34,551 1 INFO purchase_product_optional_test odoo.modules.loading: loading sale_purchase/views/product_views.xml 
2026-07-28 05:57:34,568 1 INFO purchase_product_optional_test odoo.modules.loading: loading sale_purchase/views/sale_order_views.xml 
2026-07-28 05:57:34,585 1 INFO purchase_product_optional_test odoo.modules.loading: loading sale_purchase/views/purchase_order_views.xml 
2026-07-28 05:57:34,593 1 INFO purchase_product_optional_test odoo.modules.loading: loading sale_purchase/wizards/sale_order_cancel_views.xml 
2026-07-28 05:57:34,619 1 INFO purchase_product_optional_test odoo.modules.loading: Module sale_purchase loaded in 0.21s, 208 queries (+208 other) 
2026-07-28 05:57:34,620 1 INFO purchase_product_optional_test odoo.modules.loading: Loading module sale_sms (54/56) 
2026-07-28 05:57:34,681 1 INFO purchase_product_optional_test odoo.modules.loading: loading sale_sms/security/ir.model.access.csv 
2026-07-28 05:57:34,699 1 INFO purchase_product_optional_test odoo.modules.loading: loading sale_sms/security/security.xml 
2026-07-28 05:57:34,712 1 INFO purchase_product_optional_test odoo.modules.loading: Module sale_sms loaded in 0.09s, 41 queries (+41 other) 
2026-07-28 05:57:34,712 1 INFO purchase_product_optional_test odoo.modules.loading: Loading module spreadsheet_dashboard_sale (55/56) 
2026-07-28 05:57:34,769 1 INFO purchase_product_optional_test odoo.modules.loading: loading spreadsheet_dashboard_sale/data/dashboards.xml 
2026-07-28 05:57:34,818 1 INFO purchase_product_optional_test odoo.modules.loading: Module spreadsheet_dashboard_sale loaded in 0.11s, 31 queries (+31 other) 
2026-07-28 05:57:34,819 1 INFO purchase_product_optional_test odoo.modules.loading: Loading module purchase_product_optional (56/56) 
2026-07-28 05:57:34,942 1 WARNING purchase_product_optional_test odoo.fields: Field purchase.order.line.product_no_variant_attribute_value_ids: unknown parameter 'product_add_mode', if this is an actual parameter you may want to override the method _valid_field_parameter on the relevant model in order to allow it 
2026-07-28 05:57:34,957 1 INFO purchase_product_optional_test odoo.modules.registry: module purchase_product_optional: creating or updating database tables 
2026-07-28 05:57:34,972 1 WARNING purchase_product_optional_test odoo.addons.base.models.ir_model: Two fields (id_vendor, id) of purchase.order() have the same label: ID. [Modules: purchase_product_optional and purchase] 
2026-07-28 05:57:35,022 1 INFO purchase_product_optional_test odoo.modules.loading: loading purchase_product_optional/views/purchase_order_views.xml 
2026-07-28 05:57:35,178 1 INFO purchase_product_optional_test odoo.modules.loading: Module purchase_product_optional loaded in 0.36s, 120 queries (+120 other) 
2026-07-28 05:57:35,179 1 INFO purchase_product_optional_test odoo.modules.loading: 56 modules loaded in 51.51s, 41830 queries (+41834 extra) 
2026-07-28 05:57:35,180 1 INFO purchase_product_optional_test odoo.modules.loading: loading 57 modules... 
2026-07-28 05:57:35,180 1 INFO purchase_product_optional_test odoo.modules.loading: Loading module account_check_printing (40/57) 
2026-07-28 05:57:35,294 1 WARNING purchase_product_optional_test odoo.fields: Field purchase.order.line.product_no_variant_attribute_value_ids: unknown parameter 'product_add_mode', if this is an actual parameter you may want to override the method _valid_field_parameter on the relevant model in order to allow it 
2026-07-28 05:57:35,308 1 INFO purchase_product_optional_test odoo.modules.registry: module account_check_printing: creating or updating database tables 
2026-07-28 05:57:35,459 1 INFO purchase_product_optional_test odoo.modules.loading: loading account_check_printing/security/ir.model.access.csv 
2026-07-28 05:57:35,471 1 INFO purchase_product_optional_test odoo.modules.loading: loading account_check_printing/data/account_check_printing_data.xml 
2026-07-28 05:57:35,491 1 INFO purchase_product_optional_test odoo.modules.loading: loading account_check_printing/views/account_journal_views.xml 
2026-07-28 05:57:35,506 1 INFO purchase_product_optional_test odoo.modules.loading: loading account_check_printing/views/account_move_views.xml 
2026-07-28 05:57:35,517 1 INFO purchase_product_optional_test odoo.modules.loading: loading account_check_printing/views/account_payment_views.xml 
2026-07-28 05:57:35,540 1 INFO purchase_product_optional_test odoo.modules.loading: loading account_check_printing/views/res_config_settings_views.xml 
2026-07-28 05:57:35,554 1 INFO purchase_product_optional_test odoo.modules.loading: loading account_check_printing/views/res_partner_views.xml 
2026-07-28 05:57:35,571 1 INFO purchase_product_optional_test odoo.modules.loading: loading account_check_printing/wizard/print_prenumbered_checks_views.xml 
2026-07-28 05:57:35,603 1 INFO purchase_product_optional_test odoo.modules.loading: Module account_check_printing loaded in 0.42s, 353 queries (+353 other) 
2026-07-28 05:57:35,603 1 INFO purchase_product_optional_test odoo.modules.loading: 57 modules loaded in 0.42s, 353 queries (+353 extra) 
2026-07-28 05:57:35,643 1 WARNING purchase_product_optional_test odoo.fields: Field purchase.order.line.product_no_variant_attribute_value_ids: unknown parameter 'product_add_mode', if this is an actual parameter you may want to override the method _valid_field_parameter on the relevant model in order to allow it 
2026-07-28 05:57:35,695 1 WARNING purchase_product_optional_test odoo.fields: Field purchase.order.line.product_no_variant_attribute_value_ids: unknown parameter 'product_add_mode', if this is an actual parameter you may want to override the method _valid_field_parameter on the relevant model in order to allow it 
2026-07-28 05:57:36,073 1 INFO purchase_product_optional_test odoo.modules.loading: Modules loaded. 
2026-07-28 05:57:36,214 1 INFO purchase_product_optional_test odoo.modules.registry: Registry loaded in 67.697s 
2026-07-28 05:57:36,215 1 INFO purchase_product_optional_test odoo.service.server: Starting post tests 
2026-07-28 05:57:36,272 1 INFO purchase_product_optional_test odoo.addons.base.models.ir_qweb: Pregenerating assets bundles 
2026-07-28 05:57:38,571 1 INFO purchase_product_optional_test odoo.addons.base.models.assetsbundle: Generating a new asset bundle attachment /web/assets/ba037c6/bus.websocket_worker_assets.min.js (id:776) 
2026-07-28 05:57:38,605 1 INFO purchase_product_optional_test odoo.addons.base.models.assetsbundle: Generating a new asset bundle attachment /web/assets/7db0921/mail.assets_discuss_public_test_tours.min.js (id:777) 
2026-07-28 05:57:38,621 1 INFO purchase_product_optional_test odoo.addons.base.models.assetsbundle: Generating a new asset bundle attachment /web/assets/fbfedd4/mail.assets_lamejs.min.js (id:778) 
2026-07-28 05:57:38,690 1 INFO purchase_product_optional_test odoo.addons.base.models.assetsbundle: Generating a new asset bundle attachment /web/assets/d356a65/mail.assets_odoo_sfu.min.js (id:779) 
2026-07-28 05:57:39,098 1 INFO purchase_product_optional_test odoo.addons.base.models.assetsbundle: Generating a new asset bundle attachment /web/assets/e55c220/mail.assets_public.min.js (id:780) 
2026-07-28 05:57:39,116 1 INFO purchase_product_optional_test odoo.addons.base.models.assetsbundle: Generating a new asset bundle attachment /web/assets/534ee8f/snailmail.report_assets_snailmail.min.js (id:781) 
2026-07-28 05:57:39,123 1 INFO purchase_product_optional_test odoo.addons.base.models.assetsbundle: Generating a new asset bundle attachment /web/assets/cf83e13/spreadsheet.assets_print.min.js (id:782) 
2026-07-28 05:57:39,224 1 INFO purchase_product_optional_test odoo.addons.base.models.assetsbundle: Generating a new asset bundle attachment /web/assets/4ef58e2/spreadsheet.o_spreadsheet.min.js (id:783) 
2026-07-28 05:57:39,319 1 INFO purchase_product_optional_test odoo.addons.base.models.assetsbundle: Generating a new asset bundle attachment /web/assets/27311e9/spreadsheet.public_spreadsheet.min.js (id:784) 
2026-07-28 05:57:39,367 1 INFO purchase_product_optional_test odoo.addons.base.models.assetsbundle: Generating a new asset bundle attachment /web/assets/7e49992/web.__assets_tests_call__.min.js (id:785) 
2026-07-28 05:57:39,398 1 INFO purchase_product_optional_test odoo.addons.base.models.assetsbundle: Generating a new asset bundle attachment /web/assets/72982c0/web.ace_lib.min.js (id:786) 
2026-07-28 05:57:39,402 1 INFO purchase_product_optional_test odoo.addons.base.models.assetsbundle: Generating a new asset bundle attachment /web/assets/3252673/web.assets_clickbot.min.js (id:787) 
2026-07-28 05:57:39,471 1 INFO purchase_product_optional_test odoo.addons.base.models.assetsbundle: Generating a new asset bundle attachment /web/assets/1bcd000/web.assets_emoji.min.js (id:788) 
2026-07-28 05:57:39,739 1 INFO purchase_product_optional_test odoo.addons.base.models.assetsbundle: Generating a new asset bundle attachment /web/assets/0aae2f8/web.assets_frontend_lazy.min.js (id:789) 
2026-07-28 05:57:39,745 1 INFO purchase_product_optional_test odoo.addons.base.models.assetsbundle: Generating a new asset bundle attachment /web/assets/5ec42d9/web.assets_frontend_minimal.min.js (id:790) 
2026-07-28 05:57:39,764 1 INFO purchase_product_optional_test odoo.addons.base.models.assetsbundle: Generating a new asset bundle attachment /web/assets/4f29972/web.assets_tests.min.js (id:791) 
2026-07-28 05:57:40,847 1 INFO purchase_product_optional_test odoo.addons.base.models.assetsbundle: Generating a new asset bundle attachment /web/assets/ea3f3a8/web.assets_web.min.js (id:792) 
2026-07-28 05:57:41,694 1 INFO purchase_product_optional_test odoo.addons.base.models.assetsbundle: Generating a new asset bundle attachment /web/assets/ea3f3a8/web.assets_web_dark.min.js (id:793) 
2026-07-28 05:57:41,699 1 INFO purchase_product_optional_test odoo.addons.base.models.assetsbundle: Generating a new asset bundle attachment /web/assets/e8b87f8/web.chartjs_lib.min.js (id:794) 
2026-07-28 05:57:41,809 1 INFO purchase_product_optional_test odoo.addons.base.models.assetsbundle: Generating a new asset bundle attachment /web/assets/73346f8/web.qunit_mobile_suite_tests.min.js (id:795) 
2026-07-28 05:57:44,066 1 INFO purchase_product_optional_test odoo.addons.base.models.assetsbundle: Generating a new asset bundle attachment /web/assets/a0dc665/web.qunit_suite_tests.min.js (id:796) 
2026-07-28 05:57:44,079 1 INFO purchase_product_optional_test odoo.addons.base.models.assetsbundle: Generating a new asset bundle attachment /web/assets/3e02f90/web.report_assets_common.min.js (id:797) 
2026-07-28 05:57:44,081 1 INFO purchase_product_optional_test odoo.addons.base.models.assetsbundle: Generating a new asset bundle attachment /web/assets/cf83e13/web.report_assets_pdf.min.js (id:798) 
2026-07-28 05:57:45,222 1 INFO purchase_product_optional_test odoo.addons.base.models.assetsbundle: Generating a new asset bundle attachment /web/assets/99a9fec/web.tests_assets.min.js (id:799) 
2026-07-28 05:57:45,295 1 INFO purchase_product_optional_test odoo.addons.base.models.assetsbundle: Generating a new asset bundle attachment /web/assets/34c31f0/web_editor.assets_legacy_wysiwyg.min.js (id:800) 
2026-07-28 05:57:45,422 1 INFO purchase_product_optional_test odoo.addons.base.models.assetsbundle: Generating a new asset bundle attachment /web/assets/ab4eed7/web_editor.assets_wysiwyg.min.js (id:801) 
2026-07-28 05:57:45,544 1 INFO purchase_product_optional_test odoo.addons.base.models.assetsbundle: Generating a new asset bundle attachment /web/assets/54e3003/web_editor.backend_assets_wysiwyg.min.js (id:802) 
2026-07-28 05:57:45,832 1 INFO purchase_product_optional_test odoo.addons.base.models.assetsbundle: Generating a new asset bundle attachment /web/assets/626872b/web_editor.mocha_tests.min.js (id:803) 
2026-07-28 05:57:45,877 1 INFO purchase_product_optional_test odoo.addons.base.models.assetsbundle: Generating a new asset bundle attachment /web/assets/d47b6ee/web_editor.wysiwyg_iframe_editor_assets.min.js (id:804) 
2026-07-28 05:57:45,878 1 INFO purchase_product_optional_test odoo.addons.base.models.ir_qweb: JS Assets bundles generated in 7.3450329303741455 seconds 
2026-07-28 05:57:45,879 1 INFO purchase_product_optional_test odoo.addons.base.models.assetsbundle: Generating a new asset bundle attachment /web/assets/cf83e13/bus.websocket_worker_assets.min.css (id:805) 
2026-07-28 05:57:45,881 1 INFO purchase_product_optional_test odoo.addons.base.models.assetsbundle: Generating a new asset bundle attachment /web/assets/cf83e13/mail.assets_discuss_public_test_tours.min.css (id:806) 
2026-07-28 05:57:45,883 1 INFO purchase_product_optional_test odoo.addons.base.models.assetsbundle: Generating a new asset bundle attachment /web/assets/cf83e13/mail.assets_lamejs.min.css (id:807) 
2026-07-28 05:57:45,884 1 INFO purchase_product_optional_test odoo.addons.base.models.assetsbundle: Generating a new asset bundle attachment /web/assets/cf83e13/mail.assets_odoo_sfu.min.css (id:808) 
2026-07-28 05:57:46,434 1 INFO purchase_product_optional_test odoo.addons.base.models.assetsbundle: Generating a new asset bundle attachment /web/assets/b397897/mail.assets_public.min.css (id:809) 
2026-07-28 05:57:46,463 1 INFO purchase_product_optional_test odoo.addons.base.models.assetsbundle: Generating a new asset bundle attachment /web/assets/bfb9b1e/snailmail.report_assets_snailmail.min.css (id:810) 
2026-07-28 05:57:46,477 1 INFO purchase_product_optional_test odoo.addons.base.models.assetsbundle: Generating a new asset bundle attachment /web/assets/a2f57a7/spreadsheet.assets_print.min.css (id:811) 
2026-07-28 05:57:46,479 1 INFO purchase_product_optional_test odoo.addons.base.models.assetsbundle: Generating a new asset bundle attachment /web/assets/cf83e13/spreadsheet.o_spreadsheet.min.css (id:812) 
2026-07-28 05:57:46,693 1 INFO purchase_product_optional_test odoo.addons.base.models.assetsbundle: Generating a new asset bundle attachment /web/assets/b272aec/spreadsheet.public_spreadsheet.min.css (id:813) 
2026-07-28 05:57:46,696 1 INFO purchase_product_optional_test odoo.addons.base.models.assetsbundle: Generating a new asset bundle attachment /web/assets/cf83e13/web.__assets_tests_call__.min.css (id:814) 
2026-07-28 05:57:46,698 1 INFO purchase_product_optional_test odoo.addons.base.models.assetsbundle: Generating a new asset bundle attachment /web/assets/cf83e13/web.ace_lib.min.css (id:815) 
2026-07-28 05:57:46,699 1 INFO purchase_product_optional_test odoo.addons.base.models.assetsbundle: Generating a new asset bundle attachment /web/assets/cf83e13/web.assets_clickbot.min.css (id:816) 
2026-07-28 05:57:46,701 1 INFO purchase_product_optional_test odoo.addons.base.models.assetsbundle: Generating a new asset bundle attachment /web/assets/cf83e13/web.assets_emoji.min.css (id:817) 
2026-07-28 05:57:47,173 1 INFO purchase_product_optional_test odoo.addons.base.models.assetsbundle: Generating a new asset bundle attachment /web/assets/5942896/web.assets_frontend.min.css (id:818) 
2026-07-28 05:57:47,178 1 INFO purchase_product_optional_test odoo.addons.base.models.assetsbundle: Generating a new asset bundle attachment /web/assets/cf83e13/web.assets_tests.min.css (id:819) 
2026-07-28 05:57:47,995 1 INFO purchase_product_optional_test odoo.addons.base.models.assetsbundle: Generating a new asset bundle attachment /web/assets/c780d5b/web.assets_web.min.css (id:820) 
2026-07-28 05:57:48,662 1 INFO purchase_product_optional_test odoo.addons.base.models.assetsbundle: Generating a new asset bundle attachment /web/assets/1953504/web.assets_web_dark.min.css (id:821) 
2026-07-28 05:57:48,665 1 INFO purchase_product_optional_test odoo.addons.base.models.assetsbundle: Generating a new asset bundle attachment /web/assets/cf83e13/web.chartjs_lib.min.css (id:822) 
2026-07-28 05:57:48,667 1 INFO purchase_product_optional_test odoo.addons.base.models.assetsbundle: Generating a new asset bundle attachment /web/assets/cf83e13/web.qunit_mobile_suite_tests.min.css (id:823) 
2026-07-28 05:57:48,759 1 INFO purchase_product_optional_test odoo.addons.base.models.assetsbundle: Generating a new asset bundle attachment /web/assets/e2789c0/web.qunit_suite_tests.min.css (id:824) 
2026-07-28 05:57:49,150 1 INFO purchase_product_optional_test odoo.addons.base.models.assetsbundle: Generating a new asset bundle attachment /web/assets/708abd1/web.report_assets_common.min.css (id:825) 
2026-07-28 05:57:49,154 1 INFO purchase_product_optional_test odoo.addons.base.models.assetsbundle: Generating a new asset bundle attachment /web/assets/c37d51a/web.report_assets_pdf.min.css (id:826) 
2026-07-28 05:57:49,832 1 INFO purchase_product_optional_test odoo.addons.base.models.assetsbundle: Generating a new asset bundle attachment /web/assets/5287dea/web.tests_assets.min.css (id:827) 
2026-07-28 05:57:49,836 1 INFO purchase_product_optional_test odoo.addons.base.models.assetsbundle: Generating a new asset bundle attachment /web/assets/cf83e13/web_editor.assets_legacy_wysiwyg.min.css (id:828) 
2026-07-28 05:57:49,873 1 INFO purchase_product_optional_test odoo.addons.base.models.assetsbundle: Generating a new asset bundle attachment /web/assets/7812316/web_editor.assets_tests_styles.min.css (id:829) 
2026-07-28 05:57:49,965 1 INFO purchase_product_optional_test odoo.addons.base.models.assetsbundle: Generating a new asset bundle attachment /web/assets/e2789c0/web_editor.assets_wysiwyg.min.css (id:830) 
2026-07-28 05:57:50,055 1 INFO purchase_product_optional_test odoo.addons.base.models.assetsbundle: Generating a new asset bundle attachment /web/assets/e2789c0/web_editor.backend_assets_wysiwyg.min.css (id:831) 
2026-07-28 05:57:50,058 1 INFO purchase_product_optional_test odoo.addons.base.models.assetsbundle: Generating a new asset bundle attachment /web/assets/cf83e13/web_editor.mocha_tests.min.css (id:832) 
2026-07-28 05:57:50,161 1 INFO purchase_product_optional_test odoo.addons.base.models.assetsbundle: Generating a new asset bundle attachment /web/assets/2b4a7db/web_editor.wysiwyg_iframe_editor_assets.min.css (id:833) 
2026-07-28 05:57:50,162 1 INFO purchase_product_optional_test odoo.addons.base.models.ir_qweb: CSS Assets bundles generated in 4.283921003341675 seconds 
2026-07-28 05:57:50,298 1 INFO purchase_product_optional_test odoo.addons.purchase_product_optional.tests.test_controllers: Starting TestPurchaseProductOptionalControllers.test_ac_07_01_get_optional_products_route ... 
2026-07-28 05:57:50,601 1 INFO purchase_product_optional_test odoo.addons.base.models.res_users: Login successful for db:purchase_product_optional_test login:admin from n/a 
2026-07-28 05:57:50,654 1 INFO purchase_product_optional_test odoo.addons.base.models.ir_http: Generating routing map for key None 
2026-07-28 05:57:50,703 1 INFO purchase_product_optional_test werkzeug: 127.0.0.1 - - [28/Jul/2026 05:57:50] "POST /purchase_product_optional/get_optional_products HTTP/1.1" 200 - 37 0.010 0.041
2026-07-28 05:57:50,705 1 INFO purchase_product_optional_test odoo.addons.purchase_product_optional.tests.test_controllers: Starting TestPurchaseProductOptionalControllers.test_ac_09_01_create_product_route ... 
2026-07-28 05:57:50,715 1 INFO purchase_product_optional_test odoo.addons.purchase_product_optional.tests.test_controllers: ====================================================================== 
2026-07-28 05:57:50,715 1 ERROR purchase_product_optional_test odoo.addons.purchase_product_optional.tests.test_controllers: ERROR: TestPurchaseProductOptionalControllers.test_ac_09_01_create_product_route
Traceback (most recent call last):
  File "/mnt/extra-addons/purchase_product_optional/tests/test_controllers.py", line 78, in test_ac_09_01_create_product_route
    self.attribute.create_variant = 'dynamic'
  File "/usr/lib/python3/dist-packages/odoo/fields.py", line 1332, in __set__
    records.write({self.name: write_value})
  File "/usr/lib/python3/dist-packages/odoo/addons/product/models/product_attribute.py", line 97, in write
    raise UserError(_(
odoo.exceptions.UserError: You cannot change the Variants Creation Mode of the attribute Integration Test Attribute because it is used on the following products:
Integration Main Product
 
2026-07-28 05:57:50,824 1 WARNING purchase_product_optional_test odoo.fields: Field purchase.order.line.product_no_variant_attribute_value_ids: unknown parameter 'product_add_mode', if this is an actual parameter you may want to override the method _valid_field_parameter on the relevant model in order to allow it 
2026-07-28 05:57:50,852 1 INFO purchase_product_optional_test odoo.addons.base.models.ir_attachment: filestore gc 562 checked, 0 removed 
2026-07-28 05:57:51,002 1 INFO purchase_product_optional_test odoo.addons.purchase_product_optional.tests.test_purchase_order_currency: Starting TestPurchaseOrderCurrency.test_ac_02_01_onchange_no_partner ... 
2026-07-28 05:57:51,016 1 INFO purchase_product_optional_test odoo.addons.purchase_product_optional.tests.test_purchase_order_currency: Starting TestPurchaseOrderCurrency.test_ac_02_02_onchange_partner_currency_matches ... 
2026-07-28 05:57:51,038 1 INFO purchase_product_optional_test odoo.addons.purchase_product_optional.tests.test_purchase_order_currency: Starting TestPurchaseOrderCurrency.test_ac_02_03_onchange_partner_currency_differs_bug ... 
2026-07-28 05:57:51,056 1 INFO purchase_product_optional_test odoo.addons.purchase_product_optional.tests.test_purchase_order_currency: Starting TestPurchaseOrderCurrency.test_ac_03_01_convert_price_same_currency ... 
2026-07-28 05:57:51,065 1 INFO purchase_product_optional_test odoo.addons.purchase_product_optional.tests.test_purchase_order_currency: Starting TestPurchaseOrderCurrency.test_ac_03_03_convert_price_crashes_on_real_conversion ... 
2026-07-28 05:57:51,085 1 INFO purchase_product_optional_test odoo.addons.purchase_product_optional.tests.test_purchase_order_currency: ====================================================================== 
2026-07-28 05:57:51,086 1 ERROR purchase_product_optional_test odoo.addons.purchase_product_optional.tests.test_purchase_order_currency: FAIL: TestPurchaseOrderCurrency.test_ac_03_03_convert_price_crashes_on_real_conversion
Traceback (most recent call last):
  File "/mnt/extra-addons/purchase_product_optional/tests/test_purchase_order_currency.py", line 98, in test_ac_03_03_convert_price_crashes_on_real_conversion
    with self.assertRaises(
  File "/usr/lib/python3.10/contextlib.py", line 142, in __exit__
    next(self.gen)
  File "/usr/lib/python3/dist-packages/odoo/tests/common.py", line 458, in _assertRaises
    with ExitStack() as inner:
  File "/usr/lib/python3.10/contextlib.py", line 576, in __exit__
    raise exc_details[1]
  File "/usr/lib/python3.10/contextlib.py", line 561, in __exit__
    if cb(*exc_details):
AssertionError: TypeError not raised : F-05: convert_price() diharapkan CRASH TypeError karena _convert() dipanggil tanpa argumen wajib company/date. Kalau assertion ini GAGAL (tidak ada TypeError), F-05 TIDAK terbukti di versi Odoo yang dites -- update status F-05 di FINDINGS.md, jangan hapus assertion ini begitu saja.
 
2026-07-28 05:57:51,089 1 INFO purchase_product_optional_test odoo.addons.base.models.ir_attachment: filestore gc 0 checked, 0 removed 
2026-07-28 05:57:51,187 1 INFO purchase_product_optional_test odoo.addons.purchase_product_optional.tests.test_purchase_order_line_fields: Starting TestPurchaseOrderLineFields.test_ac_04_01_module_loads ... 
2026-07-28 05:57:51,194 1 INFO purchase_product_optional_test odoo.addons.purchase_product_optional.tests.test_purchase_order_line_fields: Starting TestPurchaseOrderLineFields.test_ac_04_02_product_add_mode_field_missing ... 
2026-07-28 05:57:51,195 1 INFO purchase_product_optional_test odoo.addons.purchase_product_optional.tests.test_purchase_order_line_fields: Starting TestPurchaseOrderLineFields.test_ac_08_01_custom_attribute_values_cleared_on_product_change ... 
2026-07-28 05:57:51,235 1 INFO purchase_product_optional_test odoo.models.unlink: User #1 deleted product.attribute.custom.value records with IDs: [1] 
2026-07-28 05:57:51,237 1 INFO purchase_product_optional_test odoo.addons.purchase_product_optional.tests.test_purchase_order_line_fields: Starting TestPurchaseOrderLineFields.test_ac_08_02_no_variant_attribute_values_cleared_on_product_change ... 
2026-07-28 05:57:51,257 1 INFO purchase_product_optional_test odoo.addons.base.models.ir_attachment: filestore gc 0 checked, 0 removed 
2026-07-28 05:57:51,258 1 INFO purchase_product_optional_test odoo.service.server: 11 post-tests in 15.04s, 1166 queries 
2026-07-28 05:57:51,262 1 INFO purchase_product_optional_test odoo.tests.stats: purchase_product_optional: 17 tests 1.04s 797 queries 
2026-07-28 05:57:51,263 1 ERROR purchase_product_optional_test odoo.tests.result: 1 failed, 1 error(s) of 11 tests when loading database 'purchase_product_optional_test' 
2026-07-28 05:57:51,263 1 INFO purchase_product_optional_test odoo.service.server: Initiating shutdown 
2026-07-28 05:57:51,264 1 INFO purchase_product_optional_test odoo.service.server: Hit CTRL-C again or send a second signal to force the shutdown. 
2026-07-28 05:57:51,655 1 INFO purchase_product_optional_test odoo.sql_db: ConnectionPool(used=0/count=0/max=64): Closed 1 connections  
2026-07-28 06:13:35,640 1 INFO ? odoo: Odoo version 17.0-20260630 
2026-07-28 06:13:35,644 1 INFO ? odoo: Using configuration file at /etc/odoo/odoo.conf 
2026-07-28 06:13:35,650 1 INFO ? odoo: addons paths: ['/usr/lib/python3/dist-packages/odoo/addons', '/var/lib/odoo/addons/17.0', '/mnt/extra-addons'] 
2026-07-28 06:13:35,654 1 INFO ? odoo: database: odoo@db:5432 
2026-07-28 06:13:36,089 1 INFO ? odoo.addons.base.models.ir_actions_report: Will use the Wkhtmltopdf binary at /usr/local/bin/wkhtmltopdf 
2026-07-28 06:13:38,364 1 INFO ? odoo.service.server: HTTP service (werkzeug) running on 29cf0c10ec3c:8069 
2026-07-28 06:13:38,497 1 INFO purchase_product_optional_test odoo.modules.loading: loading 1 modules... 
2026-07-28 06:13:38,507 1 INFO purchase_product_optional_test odoo.modules.loading: 1 modules loaded in 0.00s, 0 queries (+0 extra) 
2026-07-28 06:13:38,536 1 INFO purchase_product_optional_test odoo.modules.loading: updating modules list 
2026-07-28 06:13:38,545 1 INFO purchase_product_optional_test odoo.addons.base.models.ir_module: ALLOW access to module.update_list on [] to user __system__ #1 via n/a 
2026-07-28 06:13:39,828 1 INFO purchase_product_optional_test odoo.modules.loading: loading 57 modules... 
2026-07-28 06:13:41,496 1 INFO purchase_product_optional_test odoo.modules.loading: Loading module purchase_product_optional (57/57) 
2026-07-28 06:13:41,655 1 WARNING purchase_product_optional_test odoo.fields: Field purchase.order.line.product_no_variant_attribute_value_ids: unknown parameter 'product_add_mode', if this is an actual parameter you may want to override the method _valid_field_parameter on the relevant model in order to allow it 
2026-07-28 06:13:41,668 1 INFO purchase_product_optional_test odoo.modules.registry: module purchase_product_optional: creating or updating database tables 
2026-07-28 06:13:41,784 1 WARNING purchase_product_optional_test odoo.addons.base.models.ir_model: Two fields (id_vendor, id) of purchase.order() have the same label: ID. [Modules: purchase_product_optional and purchase] 
2026-07-28 06:13:41,922 1 INFO purchase_product_optional_test odoo.modules.loading: loading purchase_product_optional/views/purchase_order_views.xml 
2026-07-28 06:13:42,218 1 INFO purchase_product_optional_test odoo.modules.loading: Module purchase_product_optional loaded in 0.72s, 125 queries (+125 other) 
2026-07-28 06:13:42,221 1 INFO purchase_product_optional_test odoo.modules.loading: 57 modules loaded in 2.39s, 125 queries (+125 extra) 
2026-07-28 06:13:42,259 1 WARNING purchase_product_optional_test odoo.fields: Field purchase.order.line.product_no_variant_attribute_value_ids: unknown parameter 'product_add_mode', if this is an actual parameter you may want to override the method _valid_field_parameter on the relevant model in order to allow it 
2026-07-28 06:13:42,313 1 WARNING purchase_product_optional_test odoo.fields: Field purchase.order.line.product_no_variant_attribute_value_ids: unknown parameter 'product_add_mode', if this is an actual parameter you may want to override the method _valid_field_parameter on the relevant model in order to allow it 
2026-07-28 06:13:42,799 1 INFO purchase_product_optional_test odoo.modules.loading: Modules loaded. 
2026-07-28 06:13:42,808 1 INFO purchase_product_optional_test odoo.modules.registry: Registry loaded in 4.444s 
2026-07-28 06:13:42,810 1 INFO purchase_product_optional_test odoo.service.server: Starting post tests 
2026-07-28 06:13:42,816 1 INFO purchase_product_optional_test odoo.addons.base.models.ir_qweb: Pregenerating assets bundles 
2026-07-28 06:13:46,569 1 INFO purchase_product_optional_test odoo.addons.base.models.assetsbundle: Generating a new asset bundle attachment /web/assets/f6bfc23/web.__assets_tests_call__.min.js (id:834) 
2026-07-28 06:13:46,571 1 INFO purchase_product_optional_test odoo.addons.base.models.assetsbundle: Deleting attachments [785] (matching /web/assets/_______/web.__assets_tests_call__.min.js) because it was replaced with /web/assets/f6bfc23/web.__assets_tests_call__.min.js 
2026-07-28 06:13:46,726 1 INFO purchase_product_optional_test odoo.addons.base.models.assetsbundle: Generating a new asset bundle attachment /web/assets/185a127/web.assets_tests.min.js (id:835) 
2026-07-28 06:13:46,727 1 INFO purchase_product_optional_test odoo.addons.base.models.assetsbundle: Deleting attachments [791] (matching /web/assets/_______/web.assets_tests.min.js) because it was replaced with /web/assets/185a127/web.assets_tests.min.js 
2026-07-28 06:13:49,169 1 INFO purchase_product_optional_test odoo.addons.base.models.assetsbundle: Generating a new asset bundle attachment /web/assets/944a50b/web.qunit_suite_tests.min.js (id:836) 
2026-07-28 06:13:49,172 1 INFO purchase_product_optional_test odoo.addons.base.models.assetsbundle: Deleting attachments [796] (matching /web/assets/_______/web.qunit_suite_tests.min.js) because it was replaced with /web/assets/944a50b/web.qunit_suite_tests.min.js 
2026-07-28 06:13:49,297 1 INFO purchase_product_optional_test odoo.addons.base.models.ir_qweb: JS Assets bundles generated in 2.904998540878296 seconds 
2026-07-28 06:13:49,369 1 INFO purchase_product_optional_test odoo.addons.base.models.ir_qweb: CSS Assets bundles generated in 0.07124590873718262 seconds 
2026-07-28 06:13:49,624 1 INFO purchase_product_optional_test odoo.addons.purchase_product_optional.tests.test_controllers: Starting TestPurchaseProductOptionalControllers.test_ac_07_01_get_optional_products_route ... 
2026-07-28 06:13:49,918 1 INFO purchase_product_optional_test odoo.addons.base.models.res_users: Login successful for db:purchase_product_optional_test login:admin from n/a 
2026-07-28 06:13:49,933 1 INFO purchase_product_optional_test odoo.addons.base.models.ir_http: Generating routing map for key None 
2026-07-28 06:13:50,014 1 INFO purchase_product_optional_test werkzeug: 127.0.0.1 - - [28/Jul/2026 06:13:50] "POST /purchase_product_optional/get_optional_products HTTP/1.1" 200 - 36 0.042 0.039
2026-07-28 06:13:50,016 1 INFO purchase_product_optional_test odoo.addons.purchase_product_optional.tests.test_controllers: Starting TestPurchaseProductOptionalControllers.test_ac_09_01_create_product_route ... 
2026-07-28 06:13:50,309 1 INFO purchase_product_optional_test odoo.addons.base.models.res_users: Login successful for db:purchase_product_optional_test login:admin from n/a 
2026-07-28 06:13:50,317 1 INFO purchase_product_optional_test odoo.addons.base.models.ir_http: Generating routing map for key None 
2026-07-28 06:13:50,341 1 INFO purchase_product_optional_test werkzeug: 127.0.0.1 - - [28/Jul/2026 06:13:50] "POST /purchase_product_optional/create_product HTTP/1.1" 200 - 30 0.008 0.017
2026-07-28 06:13:50,344 1 INFO purchase_product_optional_test odoo.addons.purchase_product_optional.tests.test_controllers: ====================================================================== 
2026-07-28 06:13:50,344 1 ERROR purchase_product_optional_test odoo.addons.purchase_product_optional.tests.test_controllers: FAIL: TestPurchaseProductOptionalControllers.test_ac_09_01_create_product_route
Traceback (most recent call last):
  File "/mnt/extra-addons/purchase_product_optional/tests/test_controllers.py", line 97, in test_ac_09_01_create_product_route
    self.assertTrue(product_id, "AC-09-01: route mengembalikan id product.product baru")
AssertionError: False is not true : AC-09-01: route mengembalikan id product.product baru
 
2026-07-28 06:13:50,381 1 WARNING purchase_product_optional_test odoo.fields: Field purchase.order.line.product_no_variant_attribute_value_ids: unknown parameter 'product_add_mode', if this is an actual parameter you may want to override the method _valid_field_parameter on the relevant model in order to allow it 
2026-07-28 06:13:50,737 1 INFO purchase_product_optional_test odoo.addons.base.models.ir_attachment: filestore gc 6 checked, 3 removed 
2026-07-28 06:13:51,830 1 INFO purchase_product_optional_test odoo.addons.purchase_product_optional.tests.test_purchase_order_currency: Starting TestPurchaseOrderCurrency.test_ac_02_01_onchange_no_partner ... 
2026-07-28 06:13:51,847 1 INFO purchase_product_optional_test odoo.addons.purchase_product_optional.tests.test_purchase_order_currency: Starting TestPurchaseOrderCurrency.test_ac_02_02_onchange_partner_currency_matches ... 
2026-07-28 06:13:51,896 1 INFO purchase_product_optional_test odoo.addons.purchase_product_optional.tests.test_purchase_order_currency: Starting TestPurchaseOrderCurrency.test_ac_02_03_onchange_partner_currency_differs_bug ... 
2026-07-28 06:13:51,913 1 INFO purchase_product_optional_test odoo.addons.purchase_product_optional.tests.test_purchase_order_currency: Starting TestPurchaseOrderCurrency.test_ac_03_01_convert_price_same_currency ... 
2026-07-28 06:13:51,915 1 INFO purchase_product_optional_test odoo.addons.purchase_product_optional.tests.test_purchase_order_currency: Starting TestPurchaseOrderCurrency.test_ac_03_03_convert_price_crashes_on_real_conversion ... 
2026-07-28 06:13:51,933 1 INFO purchase_product_optional_test odoo.addons.purchase_product_optional.tests.test_purchase_order_currency: ====================================================================== 
2026-07-28 06:13:51,934 1 ERROR purchase_product_optional_test odoo.addons.purchase_product_optional.tests.test_purchase_order_currency: FAIL: TestPurchaseOrderCurrency.test_ac_03_03_convert_price_crashes_on_real_conversion
Traceback (most recent call last):
  File "/mnt/extra-addons/purchase_product_optional/tests/test_purchase_order_currency.py", line 98, in test_ac_03_03_convert_price_crashes_on_real_conversion
    with self.assertRaises(
  File "/usr/lib/python3.10/contextlib.py", line 142, in __exit__
    next(self.gen)
  File "/usr/lib/python3/dist-packages/odoo/tests/common.py", line 458, in _assertRaises
    with ExitStack() as inner:
  File "/usr/lib/python3.10/contextlib.py", line 576, in __exit__
    raise exc_details[1]
  File "/usr/lib/python3.10/contextlib.py", line 561, in __exit__
    if cb(*exc_details):
AssertionError: TypeError not raised : F-05: convert_price() diharapkan CRASH TypeError karena _convert() dipanggil tanpa argumen wajib company/date. Kalau assertion ini GAGAL (tidak ada TypeError), F-05 TIDAK terbukti di versi Odoo yang dites -- update status F-05 di FINDINGS.md, jangan hapus assertion ini begitu saja.
 
2026-07-28 06:13:51,937 1 INFO purchase_product_optional_test odoo.addons.base.models.ir_attachment: filestore gc 0 checked, 0 removed 
2026-07-28 06:13:52,030 1 INFO purchase_product_optional_test odoo.addons.purchase_product_optional.tests.test_purchase_order_line_fields: Starting TestPurchaseOrderLineFields.test_ac_04_01_module_loads ... 
2026-07-28 06:13:52,035 1 INFO purchase_product_optional_test odoo.addons.purchase_product_optional.tests.test_purchase_order_line_fields: Starting TestPurchaseOrderLineFields.test_ac_04_02_product_add_mode_field_missing ... 
2026-07-28 06:13:52,036 1 INFO purchase_product_optional_test odoo.addons.purchase_product_optional.tests.test_purchase_order_line_fields: Starting TestPurchaseOrderLineFields.test_ac_08_01_custom_attribute_values_cleared_on_product_change ... 
2026-07-28 06:13:52,118 1 INFO purchase_product_optional_test odoo.models.unlink: User #1 deleted product.attribute.custom.value records with IDs: [2] 
2026-07-28 06:13:52,120 1 INFO purchase_product_optional_test odoo.addons.purchase_product_optional.tests.test_purchase_order_line_fields: Starting TestPurchaseOrderLineFields.test_ac_08_02_no_variant_attribute_values_cleared_on_product_change ... 
2026-07-28 06:13:52,142 1 INFO purchase_product_optional_test odoo.addons.base.models.ir_attachment: filestore gc 0 checked, 0 removed 
2026-07-28 06:13:52,237 1 INFO purchase_product_optional_test odoo.addons.purchase_product_optional.tests.test_tours: Starting TestPurchaseProductOptionalTour.test_purchase_product_optional_happy_path_tour ... 
2026-07-28 06:13:52,355 1 WARNING purchase_product_optional_test odoo.addons.purchase_product_optional.tests.test_tours.TestPurchaseProductOptionalTour: websocket-client module is not installed 
2026-07-28 06:13:52,356 1 INFO purchase_product_optional_test odoo.addons.purchase_product_optional.tests.test_tours: skipped TestPurchaseProductOptionalTour.test_purchase_product_optional_happy_path_tour : websocket-client module is not installed 
2026-07-28 06:13:52,359 1 INFO purchase_product_optional_test odoo.addons.base.models.ir_attachment: filestore gc 0 checked, 0 removed 
2026-07-28 06:13:52,359 1 INFO purchase_product_optional_test odoo.service.server: 12 post-tests in 9.55s, 1196 queries 
2026-07-28 06:13:52,360 1 INFO purchase_product_optional_test odoo.tests.stats: purchase_product_optional: 20 tests 2.97s 989 queries 
2026-07-28 06:13:52,360 1 ERROR purchase_product_optional_test odoo.tests.result: 2 failed, 0 error(s) of 12 tests when loading database 'purchase_product_optional_test' 
2026-07-28 06:13:52,361 1 INFO purchase_product_optional_test odoo.service.server: Initiating shutdown 
2026-07-28 06:13:52,363 1 INFO purchase_product_optional_test odoo.service.server: Hit CTRL-C again or send a second signal to force the shutdown. 
2026-07-28 06:13:52,820 1 INFO purchase_product_optional_test odoo.sql_db: ConnectionPool(used=0/count=0/max=64): Closed 1 connections  
2026-07-28 06:39:29,654 1 INFO ? odoo: Odoo version 17.0-20260630 
2026-07-28 06:39:29,654 1 INFO ? odoo: Using configuration file at /etc/odoo/odoo.conf 
2026-07-28 06:39:29,655 1 INFO ? odoo: addons paths: ['/usr/lib/python3/dist-packages/odoo/addons', '/var/lib/odoo/addons/17.0', '/mnt/extra-addons'] 
2026-07-28 06:39:29,660 1 INFO ? odoo: database: odoo@db:5432 
2026-07-28 06:39:29,820 1 INFO ? odoo.addons.base.models.ir_actions_report: Will use the Wkhtmltopdf binary at /usr/local/bin/wkhtmltopdf 
2026-07-28 06:39:30,713 1 INFO ? odoo.service.server: HTTP service (werkzeug) running on b0514fe302d7:8069 
2026-07-28 06:39:30,777 1 INFO purchase_product_optional_test odoo.modules.loading: loading 1 modules... 
2026-07-28 06:39:30,782 1 INFO purchase_product_optional_test odoo.modules.loading: 1 modules loaded in 0.00s, 0 queries (+0 extra) 
2026-07-28 06:39:30,800 1 INFO purchase_product_optional_test odoo.modules.loading: updating modules list 
2026-07-28 06:39:30,811 1 INFO purchase_product_optional_test odoo.addons.base.models.ir_module: ALLOW access to module.update_list on [] to user __system__ #1 via n/a 
2026-07-28 06:39:31,817 1 INFO purchase_product_optional_test odoo.modules.loading: loading 57 modules... 
2026-07-28 06:39:33,298 1 INFO purchase_product_optional_test odoo.modules.loading: Loading module purchase_product_optional (57/57) 
2026-07-28 06:39:33,454 1 WARNING purchase_product_optional_test odoo.fields: Field purchase.order.line.product_no_variant_attribute_value_ids: unknown parameter 'product_add_mode', if this is an actual parameter you may want to override the method _valid_field_parameter on the relevant model in order to allow it 
2026-07-28 06:39:33,471 1 INFO purchase_product_optional_test odoo.modules.registry: module purchase_product_optional: creating or updating database tables 
2026-07-28 06:39:33,605 1 WARNING purchase_product_optional_test odoo.addons.base.models.ir_model: Two fields (id_vendor, id) of purchase.order() have the same label: ID. [Modules: purchase_product_optional and purchase] 
2026-07-28 06:39:33,661 1 INFO purchase_product_optional_test odoo.modules.loading: loading purchase_product_optional/views/purchase_order_views.xml 
2026-07-28 06:39:33,789 1 INFO purchase_product_optional_test odoo.modules.loading: Module purchase_product_optional loaded in 0.49s, 125 queries (+125 other) 
2026-07-28 06:39:33,793 1 INFO purchase_product_optional_test odoo.modules.loading: 57 modules loaded in 1.97s, 125 queries (+125 extra) 
2026-07-28 06:39:33,838 1 WARNING purchase_product_optional_test odoo.fields: Field purchase.order.line.product_no_variant_attribute_value_ids: unknown parameter 'product_add_mode', if this is an actual parameter you may want to override the method _valid_field_parameter on the relevant model in order to allow it 
2026-07-28 06:39:33,886 1 WARNING purchase_product_optional_test odoo.fields: Field purchase.order.line.product_no_variant_attribute_value_ids: unknown parameter 'product_add_mode', if this is an actual parameter you may want to override the method _valid_field_parameter on the relevant model in order to allow it 
2026-07-28 06:39:34,324 1 INFO purchase_product_optional_test odoo.modules.loading: Modules loaded. 
2026-07-28 06:39:34,333 1 INFO purchase_product_optional_test odoo.modules.registry: Registry loaded in 3.620s 
2026-07-28 06:39:34,337 1 INFO purchase_product_optional_test odoo.service.server: Starting post tests 
2026-07-28 06:39:34,341 1 INFO purchase_product_optional_test odoo.addons.base.models.ir_qweb: Pregenerating assets bundles 
2026-07-28 06:39:36,716 1 INFO purchase_product_optional_test odoo.addons.base.models.ir_qweb: JS Assets bundles generated in 0.3916747570037842 seconds 
2026-07-28 06:39:36,782 1 INFO purchase_product_optional_test odoo.addons.base.models.ir_qweb: CSS Assets bundles generated in 0.06599640846252441 seconds 
2026-07-28 06:39:36,966 1 INFO purchase_product_optional_test odoo.addons.purchase_product_optional.tests.test_controllers: Starting TestPurchaseProductOptionalControllers.test_ac_07_01_get_optional_products_route ... 
2026-07-28 06:39:37,280 1 INFO purchase_product_optional_test odoo.addons.base.models.res_users: Login successful for db:purchase_product_optional_test login:admin from n/a 
2026-07-28 06:39:37,288 1 INFO purchase_product_optional_test odoo.addons.base.models.ir_http: Generating routing map for key None 
2026-07-28 06:39:37,336 1 INFO purchase_product_optional_test werkzeug: 127.0.0.1 - - [28/Jul/2026 06:39:37] "POST /purchase_product_optional/get_optional_products HTTP/1.1" 200 - 36 0.013 0.035
2026-07-28 06:39:37,338 1 INFO purchase_product_optional_test odoo.addons.purchase_product_optional.tests.test_controllers.TestPurchaseProductOptionalControllers: waiting for threads: [<Thread(odoo.service.http.request.130026336855616, stopped 130026336855616)>] 
2026-07-28 06:39:37,339 1 INFO purchase_product_optional_test odoo.addons.purchase_product_optional.tests.test_controllers: Starting TestPurchaseProductOptionalControllers.test_ac_09_01_create_product_route ... 
2026-07-28 06:39:37,610 1 INFO purchase_product_optional_test odoo.addons.base.models.res_users: Login successful for db:purchase_product_optional_test login:admin from n/a 
2026-07-28 06:39:37,617 1 INFO purchase_product_optional_test odoo.addons.base.models.ir_http: Generating routing map for key None 
2026-07-28 06:39:37,655 1 INFO purchase_product_optional_test werkzeug: 127.0.0.1 - - [28/Jul/2026 06:39:37] "POST /purchase_product_optional/create_product HTTP/1.1" 200 - 58 0.016 0.023
2026-07-28 06:39:37,691 1 WARNING purchase_product_optional_test odoo.fields: Field purchase.order.line.product_no_variant_attribute_value_ids: unknown parameter 'product_add_mode', if this is an actual parameter you may want to override the method _valid_field_parameter on the relevant model in order to allow it 
2026-07-28 06:39:37,705 1 INFO purchase_product_optional_test odoo.addons.base.models.ir_attachment: filestore gc 0 checked, 0 removed 
2026-07-28 06:39:38,495 1 INFO purchase_product_optional_test odoo.addons.purchase_product_optional.tests.test_purchase_order_currency: Starting TestPurchaseOrderCurrency.test_ac_02_01_onchange_no_partner ... 
2026-07-28 06:39:38,508 1 INFO purchase_product_optional_test odoo.addons.purchase_product_optional.tests.test_purchase_order_currency: Starting TestPurchaseOrderCurrency.test_ac_02_02_onchange_partner_currency_matches ... 
2026-07-28 06:39:38,534 1 INFO purchase_product_optional_test odoo.addons.purchase_product_optional.tests.test_purchase_order_currency: Starting TestPurchaseOrderCurrency.test_ac_02_03_onchange_partner_currency_differs_bug ... 
2026-07-28 06:39:38,550 1 INFO purchase_product_optional_test odoo.addons.purchase_product_optional.tests.test_purchase_order_currency: Starting TestPurchaseOrderCurrency.test_ac_03_01_convert_price_same_currency ... 
2026-07-28 06:39:38,553 1 INFO purchase_product_optional_test odoo.addons.purchase_product_optional.tests.test_purchase_order_currency: Starting TestPurchaseOrderCurrency.test_ac_03_03_convert_price_crashes_on_real_conversion ... 
2026-07-28 06:39:38,566 1 INFO purchase_product_optional_test odoo.addons.purchase_product_optional.tests.test_purchase_order_currency: ====================================================================== 
2026-07-28 06:39:38,566 1 ERROR purchase_product_optional_test odoo.addons.purchase_product_optional.tests.test_purchase_order_currency: FAIL: TestPurchaseOrderCurrency.test_ac_03_03_convert_price_crashes_on_real_conversion
Traceback (most recent call last):
  File "/mnt/extra-addons/purchase_product_optional/tests/test_purchase_order_currency.py", line 98, in test_ac_03_03_convert_price_crashes_on_real_conversion
    with self.assertRaises(
  File "/usr/lib/python3.10/contextlib.py", line 142, in __exit__
    next(self.gen)
  File "/usr/lib/python3/dist-packages/odoo/tests/common.py", line 458, in _assertRaises
    with ExitStack() as inner:
  File "/usr/lib/python3.10/contextlib.py", line 576, in __exit__
    raise exc_details[1]
  File "/usr/lib/python3.10/contextlib.py", line 561, in __exit__
    if cb(*exc_details):
AssertionError: TypeError not raised : F-05: convert_price() diharapkan CRASH TypeError karena _convert() dipanggil tanpa argumen wajib company/date. Kalau assertion ini GAGAL (tidak ada TypeError), F-05 TIDAK terbukti di versi Odoo yang dites -- update status F-05 di FINDINGS.md, jangan hapus assertion ini begitu saja.
 
2026-07-28 06:39:38,568 1 INFO purchase_product_optional_test odoo.addons.base.models.ir_attachment: filestore gc 0 checked, 0 removed 
2026-07-28 06:39:38,661 1 INFO purchase_product_optional_test odoo.addons.purchase_product_optional.tests.test_purchase_order_line_fields: Starting TestPurchaseOrderLineFields.test_ac_04_01_module_loads ... 
2026-07-28 06:39:38,666 1 INFO purchase_product_optional_test odoo.addons.purchase_product_optional.tests.test_purchase_order_line_fields: Starting TestPurchaseOrderLineFields.test_ac_04_02_product_add_mode_field_missing ... 
2026-07-28 06:39:38,671 1 INFO purchase_product_optional_test odoo.addons.purchase_product_optional.tests.test_purchase_order_line_fields: Starting TestPurchaseOrderLineFields.test_ac_08_01_custom_attribute_values_cleared_on_product_change ... 
2026-07-28 06:39:38,739 1 INFO purchase_product_optional_test odoo.models.unlink: User #1 deleted product.attribute.custom.value records with IDs: [3] 
2026-07-28 06:39:38,742 1 INFO purchase_product_optional_test odoo.addons.purchase_product_optional.tests.test_purchase_order_line_fields: Starting TestPurchaseOrderLineFields.test_ac_08_02_no_variant_attribute_values_cleared_on_product_change ... 
2026-07-28 06:39:38,765 1 INFO purchase_product_optional_test odoo.addons.base.models.ir_attachment: filestore gc 0 checked, 0 removed 
2026-07-28 06:39:38,767 1 INFO purchase_product_optional_test odoo.addons.purchase_product_optional.tests.test_qunit: Starting TestPurchaseProductOptionalQUnit.test_qunit_suite ... 
2026-07-28 06:39:38,865 1 WARNING purchase_product_optional_test odoo.addons.purchase_product_optional.tests.test_qunit.TestPurchaseProductOptionalQUnit: Chrome executable not found 
2026-07-28 06:39:38,865 1 INFO purchase_product_optional_test odoo.addons.purchase_product_optional.tests.test_qunit: skipped TestPurchaseProductOptionalQUnit.test_qunit_suite : Chrome executable not found 
2026-07-28 06:39:38,866 1 INFO purchase_product_optional_test odoo.addons.base.models.ir_attachment: filestore gc 0 checked, 0 removed 
2026-07-28 06:39:38,958 1 INFO purchase_product_optional_test odoo.addons.purchase_product_optional.tests.test_tours: Starting TestPurchaseProductOptionalTour.test_purchase_product_optional_happy_path_tour ... 
2026-07-28 06:39:38,968 1 WARNING purchase_product_optional_test odoo.addons.purchase_product_optional.tests.test_tours.TestPurchaseProductOptionalTour: Chrome executable not found 
2026-07-28 06:39:38,968 1 INFO purchase_product_optional_test odoo.addons.purchase_product_optional.tests.test_tours: skipped TestPurchaseProductOptionalTour.test_purchase_product_optional_happy_path_tour : Chrome executable not found 
2026-07-28 06:39:38,970 1 INFO purchase_product_optional_test odoo.addons.base.models.ir_attachment: filestore gc 0 checked, 0 removed 
2026-07-28 06:39:38,970 1 INFO purchase_product_optional_test odoo.service.server: 13 post-tests in 4.63s, 1208 queries 
2026-07-28 06:39:38,971 1 INFO purchase_product_optional_test odoo.tests.stats: purchase_product_optional: 23 tests 2.16s 1021 queries 
2026-07-28 06:39:38,971 1 ERROR purchase_product_optional_test odoo.tests.result: 1 failed, 0 error(s) of 13 tests when loading database 'purchase_product_optional_test' 
2026-07-28 06:39:38,971 1 INFO purchase_product_optional_test odoo.service.server: Initiating shutdown 
2026-07-28 06:39:38,972 1 INFO purchase_product_optional_test odoo.service.server: Hit CTRL-C again or send a second signal to force the shutdown. 
2026-07-28 06:39:39,119 1 INFO purchase_product_optional_test odoo.sql_db: ConnectionPool(used=0/count=0/max=64): Closed 1 connections  
2026-07-28 06:40:31,786 1 INFO ? odoo: Odoo version 17.0-20260630 
2026-07-28 06:40:31,787 1 INFO ? odoo: Using configuration file at /etc/odoo/odoo.conf 
2026-07-28 06:40:31,788 1 INFO ? odoo: addons paths: ['/usr/lib/python3/dist-packages/odoo/addons', '/var/lib/odoo/addons/17.0', '/mnt/extra-addons'] 
2026-07-28 06:40:31,788 1 INFO ? odoo: database: odoo@db:5432 
2026-07-28 06:40:31,856 1 INFO ? odoo.addons.base.models.ir_actions_report: Will use the Wkhtmltopdf binary at /usr/local/bin/wkhtmltopdf 
2026-07-28 06:40:31,959 1 INFO ? odoo.service.server: HTTP service (werkzeug) running on 128f7933096d:8069 
2026-07-28 06:40:31,972 1 INFO purchase_product_optional_test odoo.modules.loading: loading 1 modules... 
2026-07-28 06:40:31,977 1 INFO purchase_product_optional_test odoo.modules.loading: 1 modules loaded in 0.00s, 0 queries (+0 extra) 
2026-07-28 06:40:31,989 1 INFO purchase_product_optional_test odoo.modules.loading: updating modules list 
2026-07-28 06:40:31,993 1 INFO purchase_product_optional_test odoo.addons.base.models.ir_module: ALLOW access to module.update_list on [] to user __system__ #1 via n/a 
2026-07-28 06:40:32,537 1 INFO purchase_product_optional_test odoo.modules.loading: loading 57 modules... 
2026-07-28 06:40:32,864 1 INFO purchase_product_optional_test odoo.modules.loading: Loading module purchase_product_optional (57/57) 
2026-07-28 06:40:33,027 1 WARNING purchase_product_optional_test odoo.fields: Field purchase.order.line.product_no_variant_attribute_value_ids: unknown parameter 'product_add_mode', if this is an actual parameter you may want to override the method _valid_field_parameter on the relevant model in order to allow it 
2026-07-28 06:40:33,040 1 INFO purchase_product_optional_test odoo.modules.registry: module purchase_product_optional: creating or updating database tables 
2026-07-28 06:40:33,064 1 WARNING purchase_product_optional_test odoo.addons.base.models.ir_model: Two fields (id_vendor, id) of purchase.order() have the same label: ID. [Modules: purchase_product_optional and purchase] 
2026-07-28 06:40:33,105 1 INFO purchase_product_optional_test odoo.modules.loading: loading purchase_product_optional/views/purchase_order_views.xml 
2026-07-28 06:40:33,182 1 INFO purchase_product_optional_test odoo.modules.loading: Module purchase_product_optional loaded in 0.32s, 125 queries (+125 other) 
2026-07-28 06:40:33,182 1 INFO purchase_product_optional_test odoo.modules.loading: 57 modules loaded in 0.64s, 125 queries (+125 extra) 
2026-07-28 06:40:33,220 1 WARNING purchase_product_optional_test odoo.fields: Field purchase.order.line.product_no_variant_attribute_value_ids: unknown parameter 'product_add_mode', if this is an actual parameter you may want to override the method _valid_field_parameter on the relevant model in order to allow it 
2026-07-28 06:40:33,268 1 WARNING purchase_product_optional_test odoo.fields: Field purchase.order.line.product_no_variant_attribute_value_ids: unknown parameter 'product_add_mode', if this is an actual parameter you may want to override the method _valid_field_parameter on the relevant model in order to allow it 
2026-07-28 06:40:33,661 1 INFO purchase_product_optional_test odoo.modules.loading: Modules loaded. 
2026-07-28 06:40:33,665 1 INFO purchase_product_optional_test odoo.modules.registry: Registry loaded in 1.706s 
2026-07-28 06:40:33,665 1 INFO purchase_product_optional_test odoo.service.server: Starting post tests 
2026-07-28 06:40:33,671 1 INFO purchase_product_optional_test odoo.addons.base.models.ir_qweb: Pregenerating assets bundles 
2026-07-28 06:40:34,417 1 INFO purchase_product_optional_test odoo.addons.base.models.ir_qweb: JS Assets bundles generated in 0.4919123649597168 seconds 
2026-07-28 06:40:34,487 1 INFO purchase_product_optional_test odoo.addons.base.models.ir_qweb: CSS Assets bundles generated in 0.06919646263122559 seconds 
2026-07-28 06:40:34,564 1 INFO purchase_product_optional_test odoo.addons.purchase_product_optional.tests.test_controllers: Starting TestPurchaseProductOptionalControllers.test_ac_07_01_get_optional_products_route ... 
2026-07-28 06:40:34,850 1 INFO purchase_product_optional_test odoo.addons.base.models.res_users: Login successful for db:purchase_product_optional_test login:admin from n/a 
2026-07-28 06:40:34,859 1 INFO purchase_product_optional_test odoo.addons.base.models.ir_http: Generating routing map for key None 
2026-07-28 06:40:34,910 1 INFO purchase_product_optional_test werkzeug: 127.0.0.1 - - [28/Jul/2026 06:40:34] "POST /purchase_product_optional/get_optional_products HTTP/1.1" 200 - 36 0.012 0.041
2026-07-28 06:40:34,912 1 INFO purchase_product_optional_test odoo.addons.purchase_product_optional.tests.test_controllers.TestPurchaseProductOptionalControllers: waiting for threads: [<Thread(odoo.service.http.request.133873679877696, stopped 133873679877696)>] 
2026-07-28 06:40:34,914 1 INFO purchase_product_optional_test odoo.addons.purchase_product_optional.tests.test_controllers: Starting TestPurchaseProductOptionalControllers.test_ac_09_01_create_product_route ... 
2026-07-28 06:40:35,213 1 INFO purchase_product_optional_test odoo.addons.base.models.res_users: Login successful for db:purchase_product_optional_test login:admin from n/a 
2026-07-28 06:40:35,224 1 INFO purchase_product_optional_test odoo.addons.base.models.ir_http: Generating routing map for key None 
2026-07-28 06:40:35,273 1 INFO purchase_product_optional_test werkzeug: 127.0.0.1 - - [28/Jul/2026 06:40:35] "POST /purchase_product_optional/create_product HTTP/1.1" 200 - 58 0.016 0.034
2026-07-28 06:40:35,328 1 WARNING purchase_product_optional_test odoo.fields: Field purchase.order.line.product_no_variant_attribute_value_ids: unknown parameter 'product_add_mode', if this is an actual parameter you may want to override the method _valid_field_parameter on the relevant model in order to allow it 
2026-07-28 06:40:35,344 1 INFO purchase_product_optional_test odoo.addons.base.models.ir_attachment: filestore gc 0 checked, 0 removed 
2026-07-28 06:40:35,499 1 INFO purchase_product_optional_test odoo.addons.purchase_product_optional.tests.test_purchase_order_currency: Starting TestPurchaseOrderCurrency.test_ac_02_01_onchange_no_partner ... 
2026-07-28 06:40:35,507 1 INFO purchase_product_optional_test odoo.addons.purchase_product_optional.tests.test_purchase_order_currency: Starting TestPurchaseOrderCurrency.test_ac_02_02_onchange_partner_currency_matches ... 
2026-07-28 06:40:35,527 1 INFO purchase_product_optional_test odoo.addons.purchase_product_optional.tests.test_purchase_order_currency: Starting TestPurchaseOrderCurrency.test_ac_02_03_onchange_partner_currency_differs_bug ... 
2026-07-28 06:40:35,544 1 INFO purchase_product_optional_test odoo.addons.purchase_product_optional.tests.test_purchase_order_currency: Starting TestPurchaseOrderCurrency.test_ac_03_01_convert_price_same_currency ... 
2026-07-28 06:40:35,546 1 INFO purchase_product_optional_test odoo.addons.purchase_product_optional.tests.test_purchase_order_currency: Starting TestPurchaseOrderCurrency.test_ac_03_03_convert_price_crashes_on_real_conversion ... 
2026-07-28 06:40:35,557 1 INFO purchase_product_optional_test odoo.addons.purchase_product_optional.tests.test_purchase_order_currency: ====================================================================== 
2026-07-28 06:40:35,557 1 ERROR purchase_product_optional_test odoo.addons.purchase_product_optional.tests.test_purchase_order_currency: FAIL: TestPurchaseOrderCurrency.test_ac_03_03_convert_price_crashes_on_real_conversion
Traceback (most recent call last):
  File "/mnt/extra-addons/purchase_product_optional/tests/test_purchase_order_currency.py", line 98, in test_ac_03_03_convert_price_crashes_on_real_conversion
    with self.assertRaises(
  File "/usr/lib/python3.10/contextlib.py", line 142, in __exit__
    next(self.gen)
  File "/usr/lib/python3/dist-packages/odoo/tests/common.py", line 458, in _assertRaises
    with ExitStack() as inner:
  File "/usr/lib/python3.10/contextlib.py", line 576, in __exit__
    raise exc_details[1]
  File "/usr/lib/python3.10/contextlib.py", line 561, in __exit__
    if cb(*exc_details):
AssertionError: TypeError not raised : F-05: convert_price() diharapkan CRASH TypeError karena _convert() dipanggil tanpa argumen wajib company/date. Kalau assertion ini GAGAL (tidak ada TypeError), F-05 TIDAK terbukti di versi Odoo yang dites -- update status F-05 di FINDINGS.md, jangan hapus assertion ini begitu saja.
 
2026-07-28 06:40:35,560 1 INFO purchase_product_optional_test odoo.addons.base.models.ir_attachment: filestore gc 0 checked, 0 removed 
2026-07-28 06:40:35,655 1 INFO purchase_product_optional_test odoo.addons.purchase_product_optional.tests.test_purchase_order_line_fields: Starting TestPurchaseOrderLineFields.test_ac_04_01_module_loads ... 
2026-07-28 06:40:35,662 1 INFO purchase_product_optional_test odoo.addons.purchase_product_optional.tests.test_purchase_order_line_fields: Starting TestPurchaseOrderLineFields.test_ac_04_02_product_add_mode_field_missing ... 
2026-07-28 06:40:35,663 1 INFO purchase_product_optional_test odoo.addons.purchase_product_optional.tests.test_purchase_order_line_fields: Starting TestPurchaseOrderLineFields.test_ac_08_01_custom_attribute_values_cleared_on_product_change ... 
2026-07-28 06:40:35,704 1 INFO purchase_product_optional_test odoo.models.unlink: User #1 deleted product.attribute.custom.value records with IDs: [4] 
2026-07-28 06:40:35,707 1 INFO purchase_product_optional_test odoo.addons.purchase_product_optional.tests.test_purchase_order_line_fields: Starting TestPurchaseOrderLineFields.test_ac_08_02_no_variant_attribute_values_cleared_on_product_change ... 
2026-07-28 06:40:35,730 1 INFO purchase_product_optional_test odoo.addons.base.models.ir_attachment: filestore gc 0 checked, 0 removed 
2026-07-28 06:40:35,734 1 INFO purchase_product_optional_test odoo.addons.purchase_product_optional.tests.test_qunit: Starting TestPurchaseProductOptionalQUnit.test_qunit_suite ... 
2026-07-28 06:40:35,831 1 WARNING purchase_product_optional_test odoo.addons.purchase_product_optional.tests.test_qunit.TestPurchaseProductOptionalQUnit: Chrome executable not found 
2026-07-28 06:40:35,832 1 INFO purchase_product_optional_test odoo.addons.purchase_product_optional.tests.test_qunit: skipped TestPurchaseProductOptionalQUnit.test_qunit_suite : Chrome executable not found 
2026-07-28 06:40:35,833 1 INFO purchase_product_optional_test odoo.addons.base.models.ir_attachment: filestore gc 0 checked, 0 removed 
2026-07-28 06:40:35,924 1 INFO purchase_product_optional_test odoo.addons.purchase_product_optional.tests.test_tours: Starting TestPurchaseProductOptionalTour.test_purchase_product_optional_happy_path_tour ... 
2026-07-28 06:40:35,932 1 WARNING purchase_product_optional_test odoo.addons.purchase_product_optional.tests.test_tours.TestPurchaseProductOptionalTour: Chrome executable not found 
2026-07-28 06:40:35,932 1 INFO purchase_product_optional_test odoo.addons.purchase_product_optional.tests.test_tours: skipped TestPurchaseProductOptionalTour.test_purchase_product_optional_happy_path_tour : Chrome executable not found 
2026-07-28 06:40:35,933 1 INFO purchase_product_optional_test odoo.addons.base.models.ir_attachment: filestore gc 0 checked, 0 removed 
2026-07-28 06:40:35,934 1 INFO purchase_product_optional_test odoo.service.server: 13 post-tests in 2.27s, 1208 queries 
2026-07-28 06:40:35,935 1 INFO purchase_product_optional_test odoo.tests.stats: purchase_product_optional: 23 tests 1.43s 1021 queries 
2026-07-28 06:40:35,935 1 ERROR purchase_product_optional_test odoo.tests.result: 1 failed, 0 error(s) of 13 tests when loading database 'purchase_product_optional_test' 
2026-07-28 06:40:35,935 1 INFO purchase_product_optional_test odoo.service.server: Initiating shutdown 
2026-07-28 06:40:35,936 1 INFO purchase_product_optional_test odoo.service.server: Hit CTRL-C again or send a second signal to force the shutdown. 
2026-07-28 06:40:36,225 1 INFO purchase_product_optional_test odoo.sql_db: ConnectionPool(used=0/count=0/max=64): Closed 1 connections  
2026-07-28 07:15:14,759 1 INFO ? odoo: Odoo version 17.0-20260630 
2026-07-28 07:15:14,759 1 INFO ? odoo: Using configuration file at /etc/odoo/odoo.conf 
2026-07-28 07:15:14,760 1 INFO ? odoo: addons paths: ['/usr/lib/python3/dist-packages/odoo/addons', '/var/lib/odoo/addons/17.0', '/mnt/extra-addons'] 
2026-07-28 07:15:14,762 1 INFO ? odoo: database: odoo@db:5432 
2026-07-28 07:15:15,152 1 INFO ? odoo.addons.base.models.ir_actions_report: Will use the Wkhtmltopdf binary at /usr/local/bin/wkhtmltopdf 
2026-07-28 07:15:16,322 1 INFO ? odoo.service.server: HTTP service (werkzeug) running on 52ed948805df:8069 
2026-07-28 07:15:16,614 1 INFO purchase_product_optional_test odoo.modules.loading: loading 1 modules... 
2026-07-28 07:15:16,620 1 INFO purchase_product_optional_test odoo.modules.loading: 1 modules loaded in 0.00s, 0 queries (+0 extra) 
2026-07-28 07:15:16,653 1 INFO purchase_product_optional_test odoo.modules.loading: updating modules list 
2026-07-28 07:15:16,677 1 INFO purchase_product_optional_test odoo.addons.base.models.ir_module: ALLOW access to module.update_list on [] to user __system__ #1 via n/a 
2026-07-28 07:15:18,549 1 INFO purchase_product_optional_test odoo.modules.loading: loading 57 modules... 
2026-07-28 07:15:20,162 1 INFO purchase_product_optional_test odoo.modules.loading: Loading module purchase_product_optional (57/57) 
2026-07-28 07:15:20,318 1 WARNING purchase_product_optional_test odoo.fields: Field purchase.order.line.product_no_variant_attribute_value_ids: unknown parameter 'product_add_mode', if this is an actual parameter you may want to override the method _valid_field_parameter on the relevant model in order to allow it 
2026-07-28 07:15:20,331 1 INFO purchase_product_optional_test odoo.modules.registry: module purchase_product_optional: creating or updating database tables 
2026-07-28 07:15:20,461 1 WARNING purchase_product_optional_test odoo.addons.base.models.ir_model: Two fields (id_vendor, id) of purchase.order() have the same label: ID. [Modules: purchase_product_optional and purchase] 
2026-07-28 07:15:20,549 1 INFO purchase_product_optional_test odoo.modules.loading: loading purchase_product_optional/views/purchase_order_views.xml 
2026-07-28 07:15:20,716 1 INFO purchase_product_optional_test odoo.modules.loading: Module purchase_product_optional loaded in 0.55s, 125 queries (+125 other) 
2026-07-28 07:15:20,716 1 INFO purchase_product_optional_test odoo.modules.loading: 57 modules loaded in 2.16s, 125 queries (+125 extra) 
2026-07-28 07:15:20,751 1 WARNING purchase_product_optional_test odoo.fields: Field purchase.order.line.product_no_variant_attribute_value_ids: unknown parameter 'product_add_mode', if this is an actual parameter you may want to override the method _valid_field_parameter on the relevant model in order to allow it 
2026-07-28 07:15:20,800 1 WARNING purchase_product_optional_test odoo.fields: Field purchase.order.line.product_no_variant_attribute_value_ids: unknown parameter 'product_add_mode', if this is an actual parameter you may want to override the method _valid_field_parameter on the relevant model in order to allow it 
2026-07-28 07:15:21,188 1 INFO purchase_product_optional_test odoo.modules.loading: Modules loaded. 
2026-07-28 07:15:21,191 1 INFO purchase_product_optional_test odoo.modules.registry: Registry loaded in 4.869s 
2026-07-28 07:15:21,191 1 INFO purchase_product_optional_test odoo.service.server: Starting post tests 
2026-07-28 07:15:21,193 1 INFO purchase_product_optional_test odoo.addons.base.models.ir_qweb: Pregenerating assets bundles 
2026-07-28 07:15:22,702 1 INFO purchase_product_optional_test odoo.addons.base.models.ir_qweb: JS Assets bundles generated in 0.3519320487976074 seconds 
2026-07-28 07:15:22,798 1 INFO purchase_product_optional_test odoo.addons.base.models.ir_qweb: CSS Assets bundles generated in 0.09610176086425781 seconds 
2026-07-28 07:15:23,015 1 INFO purchase_product_optional_test odoo.addons.purchase_product_optional.tests.test_controllers: Starting TestPurchaseProductOptionalControllers.test_ac_07_01_get_optional_products_route ... 
2026-07-28 07:15:23,291 1 INFO purchase_product_optional_test odoo.addons.base.models.res_users: Login successful for db:purchase_product_optional_test login:admin from n/a 
2026-07-28 07:15:23,300 1 INFO purchase_product_optional_test odoo.addons.base.models.ir_http: Generating routing map for key None 
2026-07-28 07:15:23,352 1 INFO purchase_product_optional_test werkzeug: 127.0.0.1 - - [28/Jul/2026 07:15:23] "POST /purchase_product_optional/get_optional_products HTTP/1.1" 200 - 36 0.015 0.037
2026-07-28 07:15:23,354 1 INFO purchase_product_optional_test odoo.addons.purchase_product_optional.tests.test_controllers: Starting TestPurchaseProductOptionalControllers.test_ac_09_01_create_product_route ... 
2026-07-28 07:15:23,627 1 INFO purchase_product_optional_test odoo.addons.base.models.res_users: Login successful for db:purchase_product_optional_test login:admin from n/a 
2026-07-28 07:15:23,675 1 INFO purchase_product_optional_test odoo.addons.base.models.ir_http: Generating routing map for key None 
2026-07-28 07:15:23,723 1 INFO purchase_product_optional_test werkzeug: 127.0.0.1 - - [28/Jul/2026 07:15:23] "POST /purchase_product_optional/create_product HTTP/1.1" 200 - 58 0.026 0.023
2026-07-28 07:15:23,761 1 WARNING purchase_product_optional_test odoo.fields: Field purchase.order.line.product_no_variant_attribute_value_ids: unknown parameter 'product_add_mode', if this is an actual parameter you may want to override the method _valid_field_parameter on the relevant model in order to allow it 
2026-07-28 07:15:23,780 1 INFO purchase_product_optional_test odoo.addons.base.models.ir_attachment: filestore gc 0 checked, 0 removed 
2026-07-28 07:15:24,379 1 INFO purchase_product_optional_test odoo.addons.purchase_product_optional.tests.test_purchase_order_currency: Starting TestPurchaseOrderCurrency.test_ac_02_01_onchange_no_partner ... 
2026-07-28 07:15:24,393 1 INFO purchase_product_optional_test odoo.addons.purchase_product_optional.tests.test_purchase_order_currency: Starting TestPurchaseOrderCurrency.test_ac_02_02_onchange_partner_currency_matches ... 
2026-07-28 07:15:24,425 1 INFO purchase_product_optional_test odoo.addons.purchase_product_optional.tests.test_purchase_order_currency: Starting TestPurchaseOrderCurrency.test_ac_02_03_onchange_partner_currency_differs_bug ... 
2026-07-28 07:15:24,440 1 INFO purchase_product_optional_test odoo.addons.purchase_product_optional.tests.test_purchase_order_currency: Starting TestPurchaseOrderCurrency.test_ac_03_01_convert_price_same_currency ... 
2026-07-28 07:15:24,442 1 INFO purchase_product_optional_test odoo.addons.purchase_product_optional.tests.test_purchase_order_currency: Starting TestPurchaseOrderCurrency.test_ac_03_03_convert_price_real_conversion_no_crash ... 
2026-07-28 07:15:24,451 1 INFO purchase_product_optional_test odoo.addons.base.models.ir_attachment: filestore gc 0 checked, 0 removed 
2026-07-28 07:15:24,569 1 INFO purchase_product_optional_test odoo.addons.purchase_product_optional.tests.test_purchase_order_line_fields: Starting TestPurchaseOrderLineFields.test_ac_04_01_module_loads ... 
2026-07-28 07:15:24,577 1 INFO purchase_product_optional_test odoo.addons.purchase_product_optional.tests.test_purchase_order_line_fields: Starting TestPurchaseOrderLineFields.test_ac_04_02_product_add_mode_field_missing ... 
2026-07-28 07:15:24,578 1 INFO purchase_product_optional_test odoo.addons.purchase_product_optional.tests.test_purchase_order_line_fields: Starting TestPurchaseOrderLineFields.test_ac_08_01_custom_attribute_values_cleared_on_product_change ... 
2026-07-28 07:15:24,660 1 INFO purchase_product_optional_test odoo.models.unlink: User #1 deleted product.attribute.custom.value records with IDs: [5] 
2026-07-28 07:15:24,662 1 INFO purchase_product_optional_test odoo.addons.purchase_product_optional.tests.test_purchase_order_line_fields: Starting TestPurchaseOrderLineFields.test_ac_08_02_no_variant_attribute_values_cleared_on_product_change ... 
2026-07-28 07:15:24,683 1 INFO purchase_product_optional_test odoo.addons.base.models.ir_attachment: filestore gc 0 checked, 0 removed 
2026-07-28 07:15:24,688 1 INFO purchase_product_optional_test odoo.addons.purchase_product_optional.tests.test_qunit: Starting TestPurchaseProductOptionalQUnit.test_qunit_suite ... 
2026-07-28 07:15:24,767 1 WARNING purchase_product_optional_test odoo.addons.purchase_product_optional.tests.test_qunit.TestPurchaseProductOptionalQUnit: Chrome executable not found 
2026-07-28 07:15:24,768 1 INFO purchase_product_optional_test odoo.addons.purchase_product_optional.tests.test_qunit: skipped TestPurchaseProductOptionalQUnit.test_qunit_suite : Chrome executable not found 
2026-07-28 07:15:24,769 1 INFO purchase_product_optional_test odoo.addons.base.models.ir_attachment: filestore gc 0 checked, 0 removed 
2026-07-28 07:15:24,857 1 INFO purchase_product_optional_test odoo.addons.purchase_product_optional.tests.test_tours: Starting TestPurchaseProductOptionalTour.test_purchase_product_optional_happy_path_tour ... 
2026-07-28 07:15:24,888 1 WARNING purchase_product_optional_test odoo.addons.purchase_product_optional.tests.test_tours.TestPurchaseProductOptionalTour: Chrome executable not found 
2026-07-28 07:15:24,888 1 INFO purchase_product_optional_test odoo.addons.purchase_product_optional.tests.test_tours: skipped TestPurchaseProductOptionalTour.test_purchase_product_optional_happy_path_tour : Chrome executable not found 
2026-07-28 07:15:24,889 1 INFO purchase_product_optional_test odoo.addons.base.models.ir_attachment: filestore gc 0 checked, 0 removed 
2026-07-28 07:15:24,890 1 INFO purchase_product_optional_test odoo.service.server: 13 post-tests in 3.70s, 1204 queries 
2026-07-28 07:15:24,890 1 INFO purchase_product_optional_test odoo.tests.stats: purchase_product_optional: 23 tests 2.06s 1017 queries 
2026-07-28 07:15:24,891 1 INFO purchase_product_optional_test odoo.tests.result: 0 failed, 0 error(s) of 13 tests when loading database 'purchase_product_optional_test' 
2026-07-28 07:15:24,891 1 INFO purchase_product_optional_test odoo.service.server: Initiating shutdown 
2026-07-28 07:15:24,891 1 INFO purchase_product_optional_test odoo.service.server: Hit CTRL-C again or send a second signal to force the shutdown. 
2026-07-28 07:15:25,178 1 INFO purchase_product_optional_test odoo.sql_db: ConnectionPool(used=0/count=0/max=64): Closed 1 connections  
2026-07-28 07:45:05,660 1 INFO ? odoo: Odoo version 17.0-20260630 
2026-07-28 07:45:05,661 1 INFO ? odoo: Using configuration file at /etc/odoo/odoo.conf 
2026-07-28 07:45:05,662 1 INFO ? odoo: addons paths: ['/usr/lib/python3/dist-packages/odoo/addons', '/var/lib/odoo/addons/17.0', '/mnt/extra-addons'] 
2026-07-28 07:45:05,662 1 INFO ? odoo: database: odoo@db:5432 
2026-07-28 07:45:05,959 1 INFO ? odoo.addons.base.models.ir_actions_report: Will use the Wkhtmltopdf binary at /usr/local/bin/wkhtmltopdf 
2026-07-28 07:45:06,058 1 INFO ? odoo.service.server: HTTP service (werkzeug) running on 77a5a6dbd9af:8069 
2026-07-28 07:45:06,064 1 INFO purchase_product_optional_demo odoo.modules.loading: init db 
2026-07-28 07:45:06,705 1 INFO purchase_product_optional_demo odoo.modules.loading: loading 1 modules... 
2026-07-28 07:45:06,706 1 INFO purchase_product_optional_demo odoo.modules.loading: Loading module base (1/1) 
2026-07-28 07:45:06,719 1 INFO purchase_product_optional_demo odoo.modules.registry: module base: creating or updating database tables 
2026-07-28 07:45:07,778 1 INFO purchase_product_optional_demo odoo.models: Prepare computation of ir.module.module.menus_by_module 
2026-07-28 07:45:07,779 1 INFO purchase_product_optional_demo odoo.models: Prepare computation of ir.module.module.reports_by_module 
2026-07-28 07:45:07,779 1 INFO purchase_product_optional_demo odoo.models: Prepare computation of ir.module.module.views_by_module 
2026-07-28 07:45:08,419 1 INFO purchase_product_optional_demo odoo.models: Prepare computation of res.partner.user_id 
2026-07-28 07:45:08,421 1 INFO purchase_product_optional_demo odoo.models: Prepare computation of res.partner.commercial_partner_id 
2026-07-28 07:45:08,423 1 INFO purchase_product_optional_demo odoo.models: Prepare computation of res.partner.complete_name 
2026-07-28 07:45:08,424 1 INFO purchase_product_optional_demo odoo.models: Prepare computation of res.partner.company_registry 
2026-07-28 07:45:08,425 1 INFO purchase_product_optional_demo odoo.models: Prepare computation of res.partner.commercial_company_name 
2026-07-28 07:45:08,427 1 INFO purchase_product_optional_demo odoo.models: Prepare computation of res.partner.partner_share 
2026-07-28 07:45:08,543 1 INFO purchase_product_optional_demo odoo.models: Prepare computation of res.currency.decimal_places 
2026-07-28 07:45:08,623 1 INFO purchase_product_optional_demo odoo.models: Prepare computation of res.company.uses_default_logo 
2026-07-28 07:45:08,624 1 INFO purchase_product_optional_demo odoo.models: Prepare computation of res.company.logo_web 
2026-07-28 07:45:08,637 1 INFO purchase_product_optional_demo odoo.models: Computing parent_path for table res_company... 
2026-07-28 07:45:08,695 1 INFO purchase_product_optional_demo odoo.models: Prepare computation of res.users.signature 
2026-07-28 07:45:08,695 1 INFO purchase_product_optional_demo odoo.models: Prepare computation of res.users.share 
2026-07-28 07:45:10,620 1 INFO purchase_product_optional_demo odoo.modules.loading: loading base/data/res_bank.xml 
2026-07-28 07:45:10,628 1 INFO purchase_product_optional_demo odoo.modules.loading: loading base/data/res.lang.csv 
2026-07-28 07:45:10,655 1 INFO purchase_product_optional_demo odoo.modules.loading: loading base/data/res_lang_data.xml 
2026-07-28 07:45:10,700 1 INFO purchase_product_optional_demo odoo.modules.loading: loading base/data/res_partner_data.xml 
2026-07-28 07:45:10,788 1 INFO purchase_product_optional_demo odoo.modules.loading: loading base/data/res_currency_data.xml 
2026-07-28 07:45:11,125 1 INFO purchase_product_optional_demo odoo.modules.loading: loading base/data/res_company_data.xml 
2026-07-28 07:45:11,139 1 INFO purchase_product_optional_demo odoo.modules.loading: loading base/data/res_users_data.xml 
2026-07-28 07:45:11,701 1 INFO purchase_product_optional_demo odoo.modules.loading: loading base/data/report_paperformat_data.xml 
2026-07-28 07:45:11,707 1 INFO purchase_product_optional_demo odoo.modules.loading: loading base/data/res_country_data.xml 
2026-07-28 07:45:11,970 1 INFO purchase_product_optional_demo odoo.modules.loading: loading base/data/ir_demo_data.xml 
2026-07-28 07:45:11,979 1 INFO purchase_product_optional_demo odoo.modules.loading: loading base/security/base_groups.xml 
2026-07-28 07:45:12,152 1 INFO purchase_product_optional_demo odoo.modules.loading: loading base/security/base_security.xml 
2026-07-28 07:45:12,222 1 INFO purchase_product_optional_demo odoo.modules.loading: loading base/views/base_menus.xml 
2026-07-28 07:45:12,264 1 INFO purchase_product_optional_demo odoo.modules.loading: loading base/views/decimal_precision_views.xml 
2026-07-28 07:45:12,284 1 INFO purchase_product_optional_demo odoo.modules.loading: loading base/views/res_config_views.xml 
2026-07-28 07:45:12,293 1 INFO purchase_product_optional_demo odoo.modules.loading: loading base/data/res.country.state.csv 
2026-07-28 07:45:12,525 1 INFO purchase_product_optional_demo odoo.modules.loading: loading base/views/ir_actions_views.xml 
2026-07-28 07:45:12,590 1 INFO purchase_product_optional_demo odoo.modules.loading: loading base/views/ir_asset_views.xml 
2026-07-28 07:45:12,603 1 INFO purchase_product_optional_demo odoo.modules.loading: loading base/views/ir_config_parameter_views.xml 
2026-07-28 07:45:12,613 1 INFO purchase_product_optional_demo odoo.modules.loading: loading base/views/ir_cron_views.xml 
2026-07-28 07:45:12,634 1 INFO purchase_product_optional_demo odoo.modules.loading: loading base/views/ir_cron_trigger_views.xml 
2026-07-28 07:45:12,651 1 INFO purchase_product_optional_demo odoo.modules.loading: loading base/views/ir_filters_views.xml 
2026-07-28 07:45:12,662 1 INFO purchase_product_optional_demo odoo.modules.loading: loading base/views/ir_mail_server_views.xml 
2026-07-28 07:45:12,682 1 INFO purchase_product_optional_demo odoo.modules.loading: loading base/views/ir_model_views.xml 
2026-07-28 07:45:12,771 1 INFO purchase_product_optional_demo odoo.modules.loading: loading base/views/ir_attachment_views.xml 
2026-07-28 07:45:12,789 1 INFO purchase_product_optional_demo odoo.modules.loading: loading base/views/ir_rule_views.xml 
2026-07-28 07:45:12,809 1 INFO purchase_product_optional_demo odoo.modules.loading: loading base/views/ir_sequence_views.xml 
2026-07-28 07:45:12,832 1 INFO purchase_product_optional_demo odoo.modules.loading: loading base/views/ir_ui_menu_views.xml 
2026-07-28 07:45:12,851 1 INFO purchase_product_optional_demo odoo.modules.loading: loading base/views/ir_ui_view_views.xml 
2026-07-28 07:45:12,892 1 INFO purchase_product_optional_demo odoo.modules.loading: loading base/views/ir_default_views.xml 
2026-07-28 07:45:12,904 1 INFO purchase_product_optional_demo odoo.modules.loading: loading base/data/ir_cron_data.xml 
2026-07-28 07:45:12,915 1 INFO purchase_product_optional_demo odoo.modules.loading: loading base/report/ir_model_report.xml 
2026-07-28 07:45:12,919 1 INFO purchase_product_optional_demo odoo.modules.loading: loading base/report/ir_model_templates.xml 
2026-07-28 07:45:12,925 1 INFO purchase_product_optional_demo odoo.modules.loading: loading base/views/ir_logging_views.xml 
2026-07-28 07:45:12,935 1 INFO purchase_product_optional_demo odoo.modules.loading: loading base/views/ir_qweb_widget_templates.xml 
2026-07-28 07:45:12,948 1 INFO purchase_product_optional_demo odoo.modules.loading: loading base/views/ir_module_views.xml 
2026-07-28 07:45:12,977 1 INFO purchase_product_optional_demo odoo.modules.loading: loading base/data/ir_module_category_data.xml 
2026-07-28 07:45:13,020 1 INFO purchase_product_optional_demo odoo.modules.loading: loading base/data/ir_module_module.xml 
2026-07-28 07:45:13,056 1 INFO purchase_product_optional_demo odoo.modules.loading: loading base/report/ir_module_reports.xml 
2026-07-28 07:45:13,061 1 INFO purchase_product_optional_demo odoo.modules.loading: loading base/report/ir_module_report_templates.xml 
2026-07-28 07:45:13,070 1 INFO purchase_product_optional_demo odoo.modules.loading: loading base/wizard/base_module_update_views.xml 
2026-07-28 07:45:13,078 1 INFO purchase_product_optional_demo odoo.modules.loading: loading base/wizard/base_language_install_views.xml 
2026-07-28 07:45:13,085 1 INFO purchase_product_optional_demo odoo.modules.loading: loading base/wizard/base_import_language_views.xml 
2026-07-28 07:45:13,093 1 INFO purchase_product_optional_demo odoo.modules.loading: loading base/wizard/base_module_upgrade_views.xml 
2026-07-28 07:45:13,103 1 INFO purchase_product_optional_demo odoo.modules.loading: loading base/wizard/base_module_uninstall_views.xml 
2026-07-28 07:45:13,108 1 INFO purchase_product_optional_demo odoo.modules.loading: loading base/wizard/base_export_language_views.xml 
2026-07-28 07:45:13,117 1 INFO purchase_product_optional_demo odoo.modules.loading: loading base/wizard/base_partner_merge_views.xml 
2026-07-28 07:45:13,125 1 INFO purchase_product_optional_demo odoo.modules.loading: loading base/data/ir_demo_failure_data.xml 
2026-07-28 07:45:13,134 1 INFO purchase_product_optional_demo odoo.modules.loading: loading base/views/ir_profile_views.xml 
2026-07-28 07:45:13,146 1 INFO purchase_product_optional_demo odoo.modules.loading: loading base/views/res_company_views.xml 
2026-07-28 07:45:13,166 1 INFO purchase_product_optional_demo odoo.modules.loading: loading base/views/res_lang_views.xml 
2026-07-28 07:45:13,178 1 INFO purchase_product_optional_demo odoo.modules.loading: loading base/views/res_partner_views.xml 
2026-07-28 07:45:13,237 1 INFO purchase_product_optional_demo odoo.modules.loading: loading base/views/res_bank_views.xml 
2026-07-28 07:45:13,255 1 INFO purchase_product_optional_demo odoo.modules.loading: loading base/views/res_country_views.xml 
2026-07-28 07:45:13,277 1 INFO purchase_product_optional_demo odoo.modules.loading: loading base/views/res_currency_views.xml 
2026-07-28 07:45:13,299 1 INFO purchase_product_optional_demo odoo.modules.loading: loading base/views/res_users_views.xml 
2026-07-28 07:45:13,367 1 INFO purchase_product_optional_demo odoo.modules.loading: loading base/views/res_users_identitycheck_views.xml 
2026-07-28 07:45:13,374 1 INFO purchase_product_optional_demo odoo.modules.loading: loading base/views/ir_property_views.xml 
2026-07-28 07:45:13,384 1 INFO purchase_product_optional_demo odoo.modules.loading: loading base/views/res_config_settings_views.xml 
2026-07-28 07:45:13,389 1 INFO purchase_product_optional_demo odoo.modules.loading: loading base/views/report_paperformat_views.xml 
2026-07-28 07:45:13,404 1 INFO purchase_product_optional_demo odoo.modules.loading: loading base/security/ir.model.access.csv 
2026-07-28 07:45:13,454 1 INFO purchase_product_optional_demo odoo.modules.loading: Module base: loading demo 
2026-07-28 07:45:13,455 1 INFO purchase_product_optional_demo odoo.modules.loading: loading base/data/res_users_demo.xml 
2026-07-28 07:45:14,342 1 INFO purchase_product_optional_demo odoo.modules.loading: loading base/data/res_partner_bank_demo.xml 
2026-07-28 07:45:14,383 1 INFO purchase_product_optional_demo odoo.modules.loading: loading base/data/res_currency_demo.xml 
2026-07-28 07:45:14,387 1 INFO purchase_product_optional_demo odoo.modules.loading: loading base/data/res_currency_rate_demo.xml 
2026-07-28 07:45:14,523 1 INFO purchase_product_optional_demo odoo.modules.loading: loading base/data/res_bank_demo.xml 
2026-07-28 07:45:14,528 1 INFO purchase_product_optional_demo odoo.modules.loading: loading base/data/res_partner_demo.xml 
2026-07-28 07:45:14,653 1 INFO purchase_product_optional_demo odoo.modules.loading: loading base/data/res_partner_image_demo.xml 
2026-07-28 07:45:14,902 1 INFO purchase_product_optional_demo odoo.modules.loading: Module base loaded in 8.20s, 9089 queries (+9089 other) 
2026-07-28 07:45:14,908 1 INFO purchase_product_optional_demo odoo.modules.loading: 1 modules loaded in 8.20s, 9089 queries (+9089 extra) 
2026-07-28 07:45:14,916 1 INFO purchase_product_optional_demo odoo.modules.loading: updating modules list 
2026-07-28 07:45:14,918 1 INFO purchase_product_optional_demo odoo.addons.base.models.ir_module: ALLOW access to module.update_list on [] to user __system__ #1 via n/a 
2026-07-28 07:45:15,244 1 INFO purchase_product_optional_demo odoo.addons.base.models.ir_module: ALLOW access to module.button_install on ['Purchase Product Optional'] to user __system__ #1 via n/a 
2026-07-28 07:45:15,350 1 INFO purchase_product_optional_demo odoo.modules.loading: loading 56 modules... 
2026-07-28 07:45:15,356 1 INFO purchase_product_optional_demo odoo.modules.loading: Loading module uom (2/56) 
2026-07-28 07:45:15,367 1 INFO purchase_product_optional_demo odoo.modules.registry: module uom: creating or updating database tables 
2026-07-28 07:45:15,408 1 INFO purchase_product_optional_demo odoo.modules.loading: loading uom/data/uom_data.xml 
2026-07-28 07:45:15,463 1 INFO purchase_product_optional_demo odoo.modules.loading: loading uom/security/uom_security.xml 
2026-07-28 07:45:15,479 1 INFO purchase_product_optional_demo odoo.modules.loading: loading uom/security/ir.model.access.csv 
2026-07-28 07:45:15,490 1 INFO purchase_product_optional_demo odoo.modules.loading: loading uom/views/uom_uom_views.xml 
2026-07-28 07:45:15,518 1 INFO purchase_product_optional_demo odoo.modules.loading: Module uom loaded in 0.16s, 287 queries (+287 other) 
2026-07-28 07:45:15,519 1 INFO purchase_product_optional_demo odoo.modules.loading: Loading module web (3/56) 
2026-07-28 07:45:15,531 1 INFO purchase_product_optional_demo odoo.modules.registry: module web: creating or updating database tables 
2026-07-28 07:45:15,809 1 INFO purchase_product_optional_demo odoo.modules.loading: loading web/security/ir.model.access.csv 
2026-07-28 07:45:15,828 1 INFO purchase_product_optional_demo odoo.modules.loading: loading web/views/webclient_templates.xml 
2026-07-28 07:45:15,864 1 INFO purchase_product_optional_demo odoo.modules.loading: loading web/views/report_templates.xml 
2026-07-28 07:45:15,919 1 INFO purchase_product_optional_demo odoo.modules.loading: loading web/views/base_document_layout_views.xml 
2026-07-28 07:45:15,939 1 INFO purchase_product_optional_demo odoo.modules.loading: loading web/views/partner_view.xml 
2026-07-28 07:45:15,944 1 INFO purchase_product_optional_demo odoo.modules.loading: loading web/views/speedscope_template.xml 
2026-07-28 07:45:15,949 1 INFO purchase_product_optional_demo odoo.modules.loading: loading web/views/neutralize_views.xml 
2026-07-28 07:45:15,955 1 INFO purchase_product_optional_demo odoo.modules.loading: loading web/data/ir_attachment.xml 
2026-07-28 07:45:15,960 1 INFO purchase_product_optional_demo odoo.modules.loading: loading web/data/report_layout.xml 
2026-07-28 07:45:15,994 1 INFO purchase_product_optional_demo odoo.modules.loading: Module web loaded in 0.47s, 1018 queries (+1018 other) 
2026-07-28 07:45:15,994 1 INFO purchase_product_optional_demo odoo.modules.loading: Loading module auth_totp (4/56) 
2026-07-28 07:45:16,009 1 INFO purchase_product_optional_demo odoo.modules.registry: module auth_totp: creating or updating database tables 
2026-07-28 07:45:16,056 1 INFO purchase_product_optional_demo odoo.modules.loading: loading auth_totp/security/security.xml 
2026-07-28 07:45:16,070 1 INFO purchase_product_optional_demo odoo.modules.loading: loading auth_totp/security/ir.model.access.csv 
2026-07-28 07:45:16,076 1 INFO purchase_product_optional_demo odoo.modules.loading: loading auth_totp/data/ir_action_data.xml 
2026-07-28 07:45:16,080 1 INFO purchase_product_optional_demo odoo.modules.loading: loading auth_totp/views/res_users_views.xml 
2026-07-28 07:45:16,095 1 INFO purchase_product_optional_demo odoo.modules.loading: loading auth_totp/views/templates.xml 
2026-07-28 07:45:16,099 1 INFO purchase_product_optional_demo odoo.modules.loading: loading auth_totp/wizard/auth_totp_wizard_views.xml 
2026-07-28 07:45:16,116 1 INFO purchase_product_optional_demo odoo.modules.loading: Module auth_totp loaded in 0.12s, 179 queries (+179 other) 
2026-07-28 07:45:16,121 1 INFO purchase_product_optional_demo odoo.modules.loading: Loading module base_import (5/56) 
2026-07-28 07:45:16,162 1 INFO purchase_product_optional_demo odoo.modules.registry: module base_import: creating or updating database tables 
2026-07-28 07:45:16,436 1 INFO purchase_product_optional_demo odoo.modules.loading: loading base_import/security/ir.model.access.csv 
2026-07-28 07:45:16,450 1 INFO purchase_product_optional_demo odoo.modules.loading: Module base_import loaded in 0.33s, 830 queries (+830 other) 
2026-07-28 07:45:16,451 1 INFO purchase_product_optional_demo odoo.modules.loading: Loading module base_import_module (6/56) 
2026-07-28 07:45:16,462 1 INFO purchase_product_optional_demo odoo.modules.registry: module base_import_module: creating or updating database tables 
2026-07-28 07:45:16,509 1 INFO purchase_product_optional_demo odoo.modules.loading: loading base_import_module/security/ir.model.access.csv 
2026-07-28 07:45:16,515 1 INFO purchase_product_optional_demo odoo.modules.loading: loading base_import_module/views/base_import_module_view.xml 
2026-07-28 07:45:16,524 1 INFO purchase_product_optional_demo odoo.modules.loading: loading base_import_module/views/ir_module_views.xml 
2026-07-28 07:45:16,549 1 INFO purchase_product_optional_demo odoo.modules.loading: Module base_import_module loaded in 0.10s, 154 queries (+154 other) 
2026-07-28 07:45:16,550 1 INFO purchase_product_optional_demo odoo.modules.loading: Loading module base_setup (7/56) 
2026-07-28 07:45:16,561 1 INFO purchase_product_optional_demo odoo.modules.registry: module base_setup: creating or updating database tables 
2026-07-28 07:45:16,587 1 INFO purchase_product_optional_demo odoo.modules.loading: loading base_setup/data/base_setup_data.xml 
2026-07-28 07:45:16,591 1 INFO purchase_product_optional_demo odoo.modules.loading: loading base_setup/views/res_config_settings_views.xml 
2026-07-28 07:45:16,607 1 INFO purchase_product_optional_demo odoo.modules.loading: loading base_setup/views/res_partner_views.xml 
2026-07-28 07:45:16,618 1 INFO purchase_product_optional_demo odoo.modules.loading: Module base_setup loaded in 0.07s, 143 queries (+143 other) 
2026-07-28 07:45:16,619 1 INFO purchase_product_optional_demo odoo.modules.loading: Loading module bus (8/56) 
2026-07-28 07:45:16,634 1 INFO purchase_product_optional_demo odoo.modules.registry: module bus: creating or updating database tables 
2026-07-28 07:45:16,677 1 INFO purchase_product_optional_demo odoo.modules.loading: loading bus/security/ir.model.access.csv 
2026-07-28 07:45:16,688 1 INFO purchase_product_optional_demo odoo.modules.loading: Module bus loaded in 0.07s, 119 queries (+119 other) 
2026-07-28 07:45:16,689 1 INFO purchase_product_optional_demo odoo.modules.loading: Loading module http_routing (9/56) 
2026-07-28 07:45:16,702 1 INFO purchase_product_optional_demo odoo.modules.registry: module http_routing: creating or updating database tables 
2026-07-28 07:45:16,709 1 INFO purchase_product_optional_demo odoo.modules.loading: loading http_routing/views/http_routing_template.xml 
2026-07-28 07:45:16,728 1 INFO purchase_product_optional_demo odoo.modules.loading: loading http_routing/views/res_lang_views.xml 
2026-07-28 07:45:16,741 1 INFO purchase_product_optional_demo odoo.modules.loading: Module http_routing loaded in 0.05s, 71 queries (+71 other) 
2026-07-28 07:45:16,742 1 INFO purchase_product_optional_demo odoo.modules.loading: Loading module onboarding (10/56) 
2026-07-28 07:45:16,753 1 INFO purchase_product_optional_demo odoo.modules.registry: module onboarding: creating or updating database tables 
2026-07-28 07:45:16,880 1 INFO purchase_product_optional_demo odoo.modules.loading: loading onboarding/views/onboarding_templates.xml 
2026-07-28 07:45:16,892 1 INFO purchase_product_optional_demo odoo.modules.loading: loading onboarding/views/onboarding_views.xml 
2026-07-28 07:45:16,906 1 INFO purchase_product_optional_demo odoo.modules.loading: loading onboarding/views/onboarding_menus.xml 
2026-07-28 07:45:16,918 1 INFO purchase_product_optional_demo odoo.modules.loading: loading onboarding/security/ir.model.access.csv 
2026-07-28 07:45:16,939 1 INFO purchase_product_optional_demo odoo.modules.loading: Module onboarding loaded in 0.20s, 237 queries (+237 other) 
2026-07-28 07:45:16,940 1 INFO purchase_product_optional_demo odoo.modules.loading: Loading module resource (11/56) 
2026-07-28 07:45:16,956 1 INFO purchase_product_optional_demo odoo.modules.registry: module resource: creating or updating database tables 
2026-07-28 07:45:17,069 1 INFO purchase_product_optional_demo odoo.modules.loading: loading resource/data/resource_data.xml 
2026-07-28 07:45:17,081 1 INFO purchase_product_optional_demo odoo.modules.loading: loading resource/security/ir.model.access.csv 
2026-07-28 07:45:17,093 1 INFO purchase_product_optional_demo odoo.modules.loading: loading resource/security/resource_security.xml 
2026-07-28 07:45:17,113 1 INFO purchase_product_optional_demo odoo.modules.loading: loading resource/views/resource_resource_views.xml 
2026-07-28 07:45:17,128 1 INFO purchase_product_optional_demo odoo.modules.loading: loading resource/views/resource_calendar_leaves_views.xml 
2026-07-28 07:45:17,144 1 INFO purchase_product_optional_demo odoo.modules.loading: loading resource/views/resource_calendar_attendance_views.xml 
2026-07-28 07:45:17,152 1 INFO purchase_product_optional_demo odoo.modules.loading: loading resource/views/resource_calendar_views.xml 
2026-07-28 07:45:17,164 1 INFO purchase_product_optional_demo odoo.modules.loading: loading resource/views/menuitems.xml 
2026-07-28 07:45:17,176 1 INFO purchase_product_optional_demo odoo.modules.loading: Module resource: loading demo 
2026-07-28 07:45:17,178 1 INFO purchase_product_optional_demo odoo.modules.loading: loading resource/data/resource_demo.xml 
2026-07-28 07:45:17,197 1 INFO purchase_product_optional_demo odoo.modules.loading: Module resource loaded in 0.26s, 419 queries (+419 other) 
2026-07-28 07:45:17,199 1 INFO purchase_product_optional_demo odoo.modules.loading: Loading module utm (12/56) 
2026-07-28 07:45:17,211 1 INFO purchase_product_optional_demo odoo.modules.registry: module utm: creating or updating database tables 
2026-07-28 07:45:17,290 1 INFO purchase_product_optional_demo odoo.modules.loading: loading utm/data/utm_medium_data.xml 
2026-07-28 07:45:17,310 1 INFO purchase_product_optional_demo odoo.modules.loading: loading utm/data/utm_source_data.xml 
2026-07-28 07:45:17,321 1 INFO purchase_product_optional_demo odoo.modules.loading: loading utm/data/utm_stage_data.xml 
2026-07-28 07:45:17,331 1 INFO purchase_product_optional_demo odoo.modules.loading: loading utm/data/utm_tag_data.xml 
2026-07-28 07:45:17,334 1 INFO purchase_product_optional_demo odoo.modules.loading: loading utm/views/utm_campaign_views.xml 
2026-07-28 07:45:17,354 1 INFO purchase_product_optional_demo odoo.modules.loading: loading utm/views/utm_medium_views.xml 
2026-07-28 07:45:17,366 1 INFO purchase_product_optional_demo odoo.modules.loading: loading utm/views/utm_source_views.xml 
2026-07-28 07:45:17,382 1 INFO purchase_product_optional_demo odoo.modules.loading: loading utm/views/utm_stage_views.xml 
2026-07-28 07:45:17,399 1 INFO purchase_product_optional_demo odoo.modules.loading: loading utm/views/utm_tag_views.xml 
2026-07-28 07:45:17,407 1 INFO purchase_product_optional_demo odoo.modules.loading: loading utm/views/utm_menus.xml 
2026-07-28 07:45:17,433 1 INFO purchase_product_optional_demo odoo.modules.loading: loading utm/security/ir.model.access.csv 
2026-07-28 07:45:17,444 1 INFO purchase_product_optional_demo odoo.modules.loading: Module utm: loading demo 
2026-07-28 07:45:17,445 1 INFO purchase_product_optional_demo odoo.modules.loading: loading utm/data/utm_campaign_demo.xml 
2026-07-28 07:45:17,458 1 INFO purchase_product_optional_demo odoo.modules.loading: loading utm/data/utm_stage_demo.xml 
2026-07-28 07:45:17,476 1 INFO purchase_product_optional_demo odoo.modules.loading: Module utm loaded in 0.28s, 435 queries (+435 other) 
2026-07-28 07:45:17,478 1 INFO purchase_product_optional_demo odoo.modules.loading: Loading module web_tour (13/56) 
2026-07-28 07:45:17,490 1 INFO purchase_product_optional_demo odoo.modules.registry: module web_tour: creating or updating database tables 
2026-07-28 07:45:17,526 1 INFO purchase_product_optional_demo odoo.modules.loading: loading web_tour/security/ir.model.access.csv 
2026-07-28 07:45:17,537 1 INFO purchase_product_optional_demo odoo.modules.loading: loading web_tour/security/ir.rule.csv 
2026-07-28 07:45:17,546 1 INFO purchase_product_optional_demo odoo.modules.loading: loading web_tour/views/tour_views.xml 
2026-07-28 07:45:17,570 1 INFO purchase_product_optional_demo odoo.modules.loading: Module web_tour loaded in 0.09s, 104 queries (+104 other) 
2026-07-28 07:45:17,571 1 INFO purchase_product_optional_demo odoo.modules.loading: Loading module iap (14/56) 
2026-07-28 07:45:17,584 1 INFO purchase_product_optional_demo odoo.modules.registry: module iap: creating or updating database tables 
2026-07-28 07:45:17,655 1 INFO purchase_product_optional_demo odoo.modules.loading: loading iap/security/ir.model.access.csv 
2026-07-28 07:45:17,669 1 INFO purchase_product_optional_demo odoo.modules.loading: loading iap/security/ir_rule.xml 
2026-07-28 07:45:17,676 1 INFO purchase_product_optional_demo odoo.modules.loading: loading iap/views/iap_views.xml 
2026-07-28 07:45:17,696 1 INFO purchase_product_optional_demo odoo.modules.loading: loading iap/views/res_config_settings.xml 
2026-07-28 07:45:17,713 1 INFO purchase_product_optional_demo odoo.modules.loading: Module iap loaded in 0.14s, 151 queries (+151 other) 
2026-07-28 07:45:17,715 1 INFO purchase_product_optional_demo odoo.modules.loading: Loading module mail (15/56) 
2026-07-28 07:45:17,779 1 INFO purchase_product_optional_demo odoo.modules.registry: module mail: creating or updating database tables 
2026-07-28 07:45:18,350 1 INFO purchase_product_optional_demo odoo.models: Prepare computation of ir.actions.server.partner_ids 
2026-07-28 07:45:18,351 1 INFO purchase_product_optional_demo odoo.models: Prepare computation of ir.actions.server.template_id 
2026-07-28 07:45:18,351 1 INFO purchase_product_optional_demo odoo.models: Prepare computation of ir.actions.server.activity_type_id 
2026-07-28 07:45:18,352 1 INFO purchase_product_optional_demo odoo.models: Prepare computation of ir.actions.server.activity_date_deadline_range 
2026-07-28 07:45:18,352 1 INFO purchase_product_optional_demo odoo.models: Prepare computation of ir.actions.server.activity_user_id 
2026-07-28 07:45:18,353 1 INFO purchase_product_optional_demo odoo.models: Prepare computation of ir.actions.server.mail_post_method 
2026-07-28 07:45:18,354 1 INFO purchase_product_optional_demo odoo.models: Prepare computation of ir.actions.server.activity_summary 
2026-07-28 07:45:18,355 1 INFO purchase_product_optional_demo odoo.models: Prepare computation of ir.actions.server.activity_date_deadline_range_type 
2026-07-28 07:45:18,355 1 INFO purchase_product_optional_demo odoo.models: Prepare computation of ir.actions.server.activity_user_type 
2026-07-28 07:45:18,356 1 INFO purchase_product_optional_demo odoo.models: Prepare computation of ir.actions.server.activity_user_field_name 
2026-07-28 07:45:18,357 1 INFO purchase_product_optional_demo odoo.models: Prepare computation of ir.actions.server.activity_note 
2026-07-28 07:45:18,357 1 INFO purchase_product_optional_demo odoo.models: Prepare computation of ir.actions.server.mail_post_autofollow 
2026-07-28 07:45:18,382 1 INFO purchase_product_optional_demo odoo.models: Prepare computation of res.company.email_primary_color 
2026-07-28 07:45:18,383 1 INFO purchase_product_optional_demo odoo.models: Prepare computation of res.company.email_secondary_color 
2026-07-28 07:45:18,395 1 INFO purchase_product_optional_demo odoo.models: Prepare computation of res.users.notification_type 
2026-07-28 07:45:18,534 1 INFO purchase_product_optional_demo odoo.models: Prepare computation of res.partner.email_normalized 
2026-07-28 07:45:19,688 1 INFO purchase_product_optional_demo odoo.modules.loading: loading mail/data/mail_groups.xml 
2026-07-28 07:45:19,748 1 INFO purchase_product_optional_demo odoo.modules.loading: loading mail/wizard/mail_activity_schedule_views.xml 
2026-07-28 07:45:19,756 1 INFO purchase_product_optional_demo odoo.modules.loading: loading mail/wizard/mail_blacklist_remove_views.xml 
2026-07-28 07:45:19,761 1 INFO purchase_product_optional_demo odoo.modules.loading: loading mail/wizard/mail_compose_message_views.xml 
2026-07-28 07:45:19,775 1 INFO purchase_product_optional_demo odoo.modules.loading: loading mail/wizard/mail_resend_message_views.xml 
2026-07-28 07:45:19,783 1 INFO purchase_product_optional_demo odoo.modules.loading: loading mail/wizard/mail_resend_partner_views.xml 
2026-07-28 07:45:19,791 1 INFO purchase_product_optional_demo odoo.modules.loading: loading mail/wizard/mail_template_preview_views.xml 
2026-07-28 07:45:19,797 1 INFO purchase_product_optional_demo odoo.modules.loading: loading mail/wizard/mail_wizard_invite_views.xml 
2026-07-28 07:45:19,802 1 INFO purchase_product_optional_demo odoo.modules.loading: loading mail/wizard/mail_template_reset_views.xml 
2026-07-28 07:45:19,813 1 INFO purchase_product_optional_demo odoo.modules.loading: loading mail/views/fetchmail_views.xml 
2026-07-28 07:45:19,827 1 INFO purchase_product_optional_demo odoo.modules.loading: loading mail/views/mail_message_subtype_views.xml 
2026-07-28 07:45:19,840 1 INFO purchase_product_optional_demo odoo.modules.loading: loading mail/views/mail_tracking_value_views.xml 
2026-07-28 07:45:19,850 1 INFO purchase_product_optional_demo odoo.modules.loading: loading mail/views/mail_notification_views.xml 
2026-07-28 07:45:19,859 1 INFO purchase_product_optional_demo odoo.modules.loading: loading mail/views/mail_message_views.xml 
2026-07-28 07:45:19,876 1 INFO purchase_product_optional_demo odoo.modules.loading: loading mail/views/mail_message_schedule_views.xml 
2026-07-28 07:45:19,888 1 INFO purchase_product_optional_demo odoo.modules.loading: loading mail/views/mail_mail_views.xml 
2026-07-28 07:45:19,906 1 INFO purchase_product_optional_demo odoo.modules.loading: loading mail/views/mail_followers_views.xml 
2026-07-28 07:45:19,916 1 INFO purchase_product_optional_demo odoo.modules.loading: loading mail/views/mail_ice_server_views.xml 
2026-07-28 07:45:19,925 1 INFO purchase_product_optional_demo odoo.modules.loading: loading mail/views/discuss_channel_member_views.xml 
2026-07-28 07:45:19,932 1 INFO purchase_product_optional_demo odoo.modules.loading: loading mail/views/discuss_channel_rtc_session_views.xml 
2026-07-28 07:45:19,943 1 INFO purchase_product_optional_demo odoo.modules.loading: loading mail/views/mail_link_preview_views.xml 
2026-07-28 07:45:19,955 1 INFO purchase_product_optional_demo odoo.modules.loading: loading mail/views/discuss/discuss_gif_favorite_views.xml 
2026-07-28 07:45:19,964 1 INFO purchase_product_optional_demo odoo.modules.loading: loading mail/views/discuss_channel_views.xml 
2026-07-28 07:45:19,980 1 INFO purchase_product_optional_demo odoo.modules.loading: loading mail/views/mail_shortcode_views.xml 
2026-07-28 07:45:19,993 1 INFO purchase_product_optional_demo odoo.modules.loading: loading mail/views/mail_activity_views.xml 
2026-07-28 07:45:20,044 1 INFO purchase_product_optional_demo odoo.modules.loading: loading mail/views/mail_activity_plan_views.xml 
2026-07-28 07:45:20,067 1 INFO purchase_product_optional_demo odoo.modules.loading: loading mail/views/mail_activity_plan_template_views.xml 
2026-07-28 07:45:20,077 1 INFO purchase_product_optional_demo odoo.modules.loading: loading mail/views/res_config_settings_views.xml 
2026-07-28 07:45:20,093 1 INFO purchase_product_optional_demo odoo.modules.loading: loading mail/data/ir_config_parameter_data.xml 
2026-07-28 07:45:20,097 1 INFO purchase_product_optional_demo odoo.modules.loading: loading mail/data/res_partner_data.xml 
2026-07-28 07:45:20,153 1 INFO purchase_product_optional_demo odoo.modules.loading: loading mail/data/mail_message_subtype_data.xml 
2026-07-28 07:45:20,162 1 INFO purchase_product_optional_demo odoo.modules.loading: loading mail/data/mail_templates_chatter.xml 
2026-07-28 07:45:20,173 1 INFO purchase_product_optional_demo odoo.modules.loading: loading mail/data/mail_templates_email_layouts.xml 
2026-07-28 07:45:20,185 1 INFO purchase_product_optional_demo odoo.modules.loading: loading mail/data/mail_templates_mailgateway.xml 
2026-07-28 07:45:20,194 1 INFO purchase_product_optional_demo odoo.modules.loading: loading mail/data/discuss_channel_data.xml 
2026-07-28 07:45:20,216 1 INFO purchase_product_optional_demo odoo.modules.loading: loading mail/data/mail_activity_data.xml 
2026-07-28 07:45:20,228 1 INFO purchase_product_optional_demo odoo.modules.loading: loading mail/data/security_notifications_templates.xml 
2026-07-28 07:45:20,233 1 INFO purchase_product_optional_demo odoo.modules.loading: loading mail/data/ir_cron_data.xml 
2026-07-28 07:45:20,261 1 INFO purchase_product_optional_demo odoo.modules.loading: loading mail/security/mail_security.xml 
2026-07-28 07:45:20,343 1 INFO purchase_product_optional_demo odoo.modules.loading: loading mail/security/ir.model.access.csv 
2026-07-28 07:45:20,383 1 INFO purchase_product_optional_demo odoo.modules.loading: loading mail/views/discuss_public_templates.xml 
2026-07-28 07:45:20,387 1 INFO purchase_product_optional_demo odoo.modules.loading: loading mail/views/mail_alias_domain_views.xml 
2026-07-28 07:45:20,399 1 INFO purchase_product_optional_demo odoo.modules.loading: loading mail/views/mail_alias_views.xml 
2026-07-28 07:45:20,420 1 INFO purchase_product_optional_demo odoo.modules.loading: loading mail/views/mail_gateway_allowed_views.xml 
2026-07-28 07:45:20,429 1 INFO purchase_product_optional_demo odoo.modules.loading: loading mail/views/mail_guest_views.xml 
2026-07-28 07:45:20,440 1 INFO purchase_product_optional_demo odoo.modules.loading: loading mail/views/mail_message_reaction_views.xml 
2026-07-28 07:45:20,450 1 INFO purchase_product_optional_demo odoo.modules.loading: loading mail/views/mail_templates_public.xml 
2026-07-28 07:45:20,457 1 INFO purchase_product_optional_demo odoo.modules.loading: loading mail/views/res_users_views.xml 
2026-07-28 07:45:20,467 1 INFO purchase_product_optional_demo odoo.modules.loading: loading mail/views/res_users_settings_views.xml 
2026-07-28 07:45:20,475 1 INFO purchase_product_optional_demo odoo.modules.loading: loading mail/views/mail_template_views.xml 
2026-07-28 07:45:20,494 1 INFO purchase_product_optional_demo odoo.modules.loading: loading mail/views/ir_actions_server_views.xml 
2026-07-28 07:45:20,505 1 INFO purchase_product_optional_demo odoo.modules.loading: loading mail/views/ir_model_views.xml 
2026-07-28 07:45:20,526 1 INFO purchase_product_optional_demo odoo.modules.loading: loading mail/views/res_partner_views.xml 
2026-07-28 07:45:20,557 1 INFO purchase_product_optional_demo odoo.modules.loading: loading mail/views/mail_blacklist_views.xml 
2026-07-28 07:45:20,570 1 INFO purchase_product_optional_demo odoo.modules.loading: loading mail/views/mail_menus.xml 
2026-07-28 07:45:20,646 1 INFO purchase_product_optional_demo odoo.modules.loading: loading mail/views/res_company_views.xml 
2026-07-28 07:45:20,653 1 INFO purchase_product_optional_demo odoo.modules.loading: Module mail: loading demo 
2026-07-28 07:45:20,655 1 INFO purchase_product_optional_demo odoo.modules.loading: loading mail/data/discuss_channel_demo.xml 
2026-07-28 07:45:20,716 1 INFO purchase_product_optional_demo odoo.modules.loading: Module mail loaded in 3.00s, 4297 queries (+4298 other) 
2026-07-28 07:45:20,718 1 INFO purchase_product_optional_demo odoo.modules.loading: Loading module web_editor (16/56) 
2026-07-28 07:45:20,749 1 INFO purchase_product_optional_demo odoo.modules.registry: module web_editor: creating or updating database tables 
2026-07-28 07:45:21,205 1 INFO purchase_product_optional_demo odoo.modules.loading: loading web_editor/security/ir.model.access.csv 
2026-07-28 07:45:21,283 1 INFO purchase_product_optional_demo odoo.modules.loading: loading web_editor/data/editor_assets.xml 
2026-07-28 07:45:21,287 1 INFO purchase_product_optional_demo odoo.modules.loading: loading web_editor/views/editor.xml 
2026-07-28 07:45:21,297 1 INFO purchase_product_optional_demo odoo.modules.loading: loading web_editor/views/snippets.xml 
2026-07-28 07:45:21,335 1 INFO purchase_product_optional_demo odoo.modules.loading: Module web_editor loaded in 0.62s, 1404 queries (+1404 other) 
2026-07-28 07:45:21,336 1 INFO purchase_product_optional_demo odoo.modules.loading: Loading module analytic (17/56) 
2026-07-28 07:45:21,359 1 INFO purchase_product_optional_demo odoo.modules.registry: module analytic: creating or updating database tables 
2026-07-28 07:45:21,558 1 INFO purchase_product_optional_demo odoo.modules.loading: loading analytic/security/analytic_security.xml 
2026-07-28 07:45:21,593 1 INFO purchase_product_optional_demo odoo.modules.loading: loading analytic/security/ir.model.access.csv 
2026-07-28 07:45:21,606 1 INFO purchase_product_optional_demo odoo.modules.loading: loading analytic/views/analytic_line_views.xml 
2026-07-28 07:45:21,635 1 INFO purchase_product_optional_demo odoo.modules.loading: loading analytic/views/analytic_account_views.xml 
2026-07-28 07:45:21,662 1 INFO purchase_product_optional_demo odoo.modules.loading: loading analytic/views/analytic_plan_views.xml 
2026-07-28 07:45:21,676 1 INFO purchase_product_optional_demo odoo.modules.loading: loading analytic/views/analytic_distribution_model_views.xml 
2026-07-28 07:45:21,688 1 INFO purchase_product_optional_demo odoo.modules.loading: loading analytic/data/analytic_data.xml 
2026-07-28 07:45:21,721 1 INFO purchase_product_optional_demo odoo.modules.loading: Module analytic: loading demo 
2026-07-28 07:45:21,723 1 INFO purchase_product_optional_demo odoo.modules.loading: loading analytic/data/analytic_account_demo.xml 
2026-07-28 07:45:22,033 1 INFO purchase_product_optional_demo odoo.modules.loading: Module analytic loaded in 0.70s, 654 queries (+654 other) 
2026-07-28 07:45:22,034 1 INFO purchase_product_optional_demo odoo.modules.loading: Loading module auth_signup (18/56) 
2026-07-28 07:45:22,057 1 INFO purchase_product_optional_demo odoo.modules.registry: module auth_signup: creating or updating database tables 
2026-07-28 07:45:22,103 1 INFO purchase_product_optional_demo odoo.modules.loading: loading auth_signup/data/ir_config_parameter_data.xml 
2026-07-28 07:45:22,108 1 INFO purchase_product_optional_demo odoo.modules.loading: loading auth_signup/data/ir_cron_data.xml 
2026-07-28 07:45:22,117 1 INFO purchase_product_optional_demo odoo.modules.loading: loading auth_signup/data/mail_template_data.xml 
2026-07-28 07:45:22,126 1 INFO purchase_product_optional_demo odoo.modules.loading: loading auth_signup/views/res_config_settings_views.xml 
2026-07-28 07:45:22,136 1 INFO purchase_product_optional_demo odoo.modules.loading: loading auth_signup/views/res_users_views.xml 
2026-07-28 07:45:22,150 1 INFO purchase_product_optional_demo odoo.modules.loading: loading auth_signup/views/auth_signup_login_templates.xml 
2026-07-28 07:45:22,165 1 INFO purchase_product_optional_demo odoo.modules.loading: loading auth_signup/views/auth_signup_templates_email.xml 
2026-07-28 07:45:22,174 1 INFO purchase_product_optional_demo odoo.modules.loading: loading auth_signup/views/webclient_templates.xml 
2026-07-28 07:45:22,192 1 INFO purchase_product_optional_demo odoo.modules.loading: Module auth_signup loaded in 0.16s, 202 queries (+202 other) 
2026-07-28 07:45:22,192 1 INFO purchase_product_optional_demo odoo.modules.loading: Loading module auth_totp_mail (19/56) 
2026-07-28 07:45:22,213 1 INFO purchase_product_optional_demo odoo.modules.registry: module auth_totp_mail: creating or updating database tables 
2026-07-28 07:45:22,240 1 INFO purchase_product_optional_demo odoo.modules.loading: loading auth_totp_mail/data/ir_action_data.xml 
2026-07-28 07:45:22,259 1 INFO purchase_product_optional_demo odoo.modules.loading: loading auth_totp_mail/data/mail_template_data.xml 
2026-07-28 07:45:22,267 1 INFO purchase_product_optional_demo odoo.modules.loading: loading auth_totp_mail/data/security_notifications_template.xml 
2026-07-28 07:45:22,279 1 INFO purchase_product_optional_demo odoo.modules.loading: loading auth_totp_mail/views/res_users_views.xml 
2026-07-28 07:45:22,312 1 INFO purchase_product_optional_demo odoo.modules.loading: Module auth_totp_mail loaded in 0.12s, 112 queries (+112 other) 
2026-07-28 07:45:22,314 1 INFO purchase_product_optional_demo odoo.modules.loading: Loading module base_install_request (20/56) 
2026-07-28 07:45:22,333 1 INFO purchase_product_optional_demo odoo.modules.registry: module base_install_request: creating or updating database tables 
2026-07-28 07:45:22,387 1 INFO purchase_product_optional_demo odoo.modules.loading: loading base_install_request/security/ir.model.access.csv 
2026-07-28 07:45:22,403 1 INFO purchase_product_optional_demo odoo.modules.loading: loading base_install_request/wizard/base_module_install_request_views.xml 
2026-07-28 07:45:22,415 1 INFO purchase_product_optional_demo odoo.modules.loading: loading base_install_request/data/mail_template_data.xml 
2026-07-28 07:45:22,422 1 INFO purchase_product_optional_demo odoo.modules.loading: loading base_install_request/data/mail_templates_module_install.xml 
2026-07-28 07:45:22,426 1 INFO purchase_product_optional_demo odoo.modules.loading: loading base_install_request/views/ir_module_module_views.xml 
2026-07-28 07:45:22,448 1 INFO purchase_product_optional_demo odoo.modules.loading: Module base_install_request loaded in 0.13s, 144 queries (+144 other) 
2026-07-28 07:45:22,448 1 INFO purchase_product_optional_demo odoo.modules.loading: Loading module google_gmail (21/56) 
2026-07-28 07:45:22,469 1 INFO purchase_product_optional_demo odoo.modules.registry: module google_gmail: creating or updating database tables 
2026-07-28 07:45:22,500 1 INFO purchase_product_optional_demo odoo.modules.loading: loading google_gmail/views/fetchmail_server_views.xml 
2026-07-28 07:45:22,510 1 INFO purchase_product_optional_demo odoo.modules.loading: loading google_gmail/views/ir_mail_server_views.xml 
2026-07-28 07:45:22,516 1 INFO purchase_product_optional_demo odoo.modules.loading: loading google_gmail/views/res_config_settings_views.xml 
2026-07-28 07:45:22,540 1 INFO purchase_product_optional_demo odoo.modules.loading: Module google_gmail loaded in 0.09s, 118 queries (+118 other) 
2026-07-28 07:45:22,541 1 INFO purchase_product_optional_demo odoo.modules.loading: Loading module iap_mail (22/56) 
2026-07-28 07:45:22,564 1 INFO purchase_product_optional_demo odoo.modules.registry: module iap_mail: creating or updating database tables 
2026-07-28 07:45:22,576 1 INFO purchase_product_optional_demo odoo.modules.loading: loading iap_mail/data/mail_templates.xml 
2026-07-28 07:45:22,604 1 INFO purchase_product_optional_demo odoo.modules.loading: Module iap_mail loaded in 0.06s, 40 queries (+40 other) 
2026-07-28 07:45:22,605 1 INFO purchase_product_optional_demo odoo.modules.loading: Loading module mail_bot (23/56) 
2026-07-28 07:45:22,627 1 INFO purchase_product_optional_demo odoo.modules.registry: module mail_bot: creating or updating database tables 
2026-07-28 07:45:22,676 1 INFO purchase_product_optional_demo odoo.modules.loading: loading mail_bot/views/res_users_views.xml 
2026-07-28 07:45:22,695 1 INFO purchase_product_optional_demo odoo.modules.loading: loading mail_bot/data/mailbot_data.xml 
2026-07-28 07:45:22,700 1 INFO purchase_product_optional_demo odoo.modules.loading: Module mail_bot: loading demo 
2026-07-28 07:45:22,702 1 INFO purchase_product_optional_demo odoo.modules.loading: loading mail_bot/data/mailbot_demo.xml 
2026-07-28 07:45:22,713 1 INFO purchase_product_optional_demo odoo.modules.loading: Module mail_bot loaded in 0.11s, 165 queries (+165 other) 
2026-07-28 07:45:22,714 1 INFO purchase_product_optional_demo odoo.modules.loading: Loading module phone_validation (24/56) 
2026-07-28 07:45:22,760 1 INFO purchase_product_optional_demo odoo.modules.registry: module phone_validation: creating or updating database tables 
2026-07-28 07:45:23,321 1 INFO purchase_product_optional_demo odoo.modules.loading: loading phone_validation/security/ir.model.access.csv 
2026-07-28 07:45:23,332 1 INFO purchase_product_optional_demo odoo.modules.loading: loading phone_validation/views/phone_blacklist_views.xml 
2026-07-28 07:45:23,349 1 INFO purchase_product_optional_demo odoo.modules.loading: loading phone_validation/wizard/phone_blacklist_remove_view.xml 
2026-07-28 07:45:23,364 1 INFO purchase_product_optional_demo odoo.modules.loading: Module phone_validation loaded in 0.65s, 1473 queries (+1473 other) 
2026-07-28 07:45:23,368 1 INFO purchase_product_optional_demo odoo.modules.loading: Loading module privacy_lookup (25/56) 
2026-07-28 07:45:23,389 1 INFO purchase_product_optional_demo odoo.modules.registry: module privacy_lookup: creating or updating database tables 
2026-07-28 07:45:23,458 1 INFO purchase_product_optional_demo odoo.modules.loading: loading privacy_lookup/wizard/privacy_lookup_wizard_views.xml 
2026-07-28 07:45:23,480 1 INFO purchase_product_optional_demo odoo.modules.loading: loading privacy_lookup/views/privacy_log_views.xml 
2026-07-28 07:45:23,501 1 INFO purchase_product_optional_demo odoo.modules.loading: loading privacy_lookup/security/ir.model.access.csv 
2026-07-28 07:45:23,511 1 INFO purchase_product_optional_demo odoo.modules.loading: loading privacy_lookup/data/ir_actions_server_data.xml 
2026-07-28 07:45:23,527 1 INFO purchase_product_optional_demo odoo.modules.loading: Module privacy_lookup loaded in 0.16s, 245 queries (+245 other) 
2026-07-28 07:45:23,527 1 INFO purchase_product_optional_demo odoo.modules.loading: Loading module product (26/56) 
2026-07-28 07:45:23,582 1 INFO purchase_product_optional_demo odoo.modules.registry: module product: creating or updating database tables 
2026-07-28 07:45:24,167 1 INFO purchase_product_optional_demo odoo.modules.loading: loading product/data/product_data.xml 
2026-07-28 07:45:24,183 1 INFO purchase_product_optional_demo odoo.modules.loading: loading product/security/product_security.xml 
2026-07-28 07:45:24,251 1 INFO purchase_product_optional_demo odoo.modules.loading: loading product/security/ir.model.access.csv 
2026-07-28 07:45:24,270 1 INFO purchase_product_optional_demo odoo.modules.loading: loading product/wizard/product_label_layout_views.xml 
2026-07-28 07:45:24,280 1 INFO purchase_product_optional_demo odoo.modules.loading: loading product/views/product_tag_views.xml 
2026-07-28 07:45:24,289 1 INFO purchase_product_optional_demo odoo.modules.loading: loading product/views/product_views.xml 
2026-07-28 07:45:24,358 1 INFO purchase_product_optional_demo odoo.modules.loading: loading product/views/res_config_settings_views.xml 
2026-07-28 07:45:24,375 1 INFO purchase_product_optional_demo odoo.modules.loading: loading product/views/product_attribute_views.xml 
2026-07-28 07:45:24,394 1 INFO purchase_product_optional_demo odoo.modules.loading: loading product/views/product_attribute_value_views.xml 
2026-07-28 07:45:24,401 1 INFO purchase_product_optional_demo odoo.modules.loading: loading product/views/product_category_views.xml 
2026-07-28 07:45:24,414 1 INFO purchase_product_optional_demo odoo.modules.loading: loading product/views/product_document_views.xml 
2026-07-28 07:45:24,430 1 INFO purchase_product_optional_demo odoo.modules.loading: loading product/views/product_packaging_views.xml 
2026-07-28 07:45:24,446 1 INFO purchase_product_optional_demo odoo.modules.loading: loading product/views/product_pricelist_item_views.xml 
2026-07-28 07:45:24,463 1 INFO purchase_product_optional_demo odoo.modules.loading: loading product/views/product_pricelist_views.xml 
2026-07-28 07:45:24,479 1 INFO purchase_product_optional_demo odoo.modules.loading: loading product/views/product_supplierinfo_views.xml 
2026-07-28 07:45:24,494 1 INFO purchase_product_optional_demo odoo.modules.loading: loading product/views/product_template_views.xml 
2026-07-28 07:45:24,516 1 INFO purchase_product_optional_demo odoo.modules.loading: loading product/views/res_country_group_views.xml 
2026-07-28 07:45:24,526 1 INFO purchase_product_optional_demo odoo.modules.loading: loading product/views/res_partner_views.xml 
2026-07-28 07:45:24,533 1 INFO purchase_product_optional_demo odoo.modules.loading: loading product/report/product_reports.xml 
2026-07-28 07:45:24,548 1 INFO purchase_product_optional_demo odoo.modules.loading: loading product/report/product_product_templates.xml 
2026-07-28 07:45:24,566 1 INFO purchase_product_optional_demo odoo.modules.loading: loading product/report/product_template_templates.xml 
2026-07-28 07:45:24,583 1 INFO purchase_product_optional_demo odoo.modules.loading: loading product/report/product_packaging.xml 
2026-07-28 07:45:24,587 1 INFO purchase_product_optional_demo odoo.modules.loading: loading product/report/product_pricelist_report_templates.xml 
2026-07-28 07:45:24,594 1 INFO purchase_product_optional_demo odoo.modules.loading: Module product: loading demo 
2026-07-28 07:45:24,595 1 INFO purchase_product_optional_demo odoo.modules.loading: loading product/data/product_demo.xml 
2026-07-28 07:45:24,890 1 INFO purchase_product_optional_demo odoo.models.unlink: User #1 deleted mail.message records with IDs: [47] 
2026-07-28 07:45:24,898 1 INFO purchase_product_optional_demo odoo.models.unlink: User #1 deleted ir.property records with IDs: [11] 
2026-07-28 07:45:24,899 1 INFO purchase_product_optional_demo odoo.models.unlink: User #1 deleted product.product records with IDs: [9] 
2026-07-28 07:45:24,941 1 INFO purchase_product_optional_demo odoo.models.unlink: User #1 deleted mail.message records with IDs: [49, 48] 
2026-07-28 07:45:24,944 1 INFO purchase_product_optional_demo odoo.models.unlink: User #1 deleted product.product records with IDs: [10, 11] 
2026-07-28 07:45:25,323 1 INFO purchase_product_optional_demo odoo.models.unlink: User #1 deleted mail.message records with IDs: [67] 
2026-07-28 07:45:25,330 1 INFO purchase_product_optional_demo odoo.models.unlink: User #1 deleted ir.property records with IDs: [21] 
2026-07-28 07:45:25,333 1 INFO purchase_product_optional_demo odoo.models.unlink: User #1 deleted product.product records with IDs: [22] 
2026-07-28 07:45:25,390 1 INFO purchase_product_optional_demo odoo.models.unlink: User #1 deleted mail.message records with IDs: [53] 
2026-07-28 07:45:25,393 1 INFO purchase_product_optional_demo odoo.models.unlink: User #1 deleted product.product records with IDs: [15] 
2026-07-28 07:45:25,912 1 INFO purchase_product_optional_demo odoo.modules.loading: Module product loaded in 2.39s, 3198 queries (+3198 other) 
2026-07-28 07:45:25,914 1 INFO purchase_product_optional_demo odoo.modules.loading: Loading module sales_team (27/56) 
2026-07-28 07:45:25,946 1 INFO purchase_product_optional_demo odoo.modules.registry: module sales_team: creating or updating database tables 
2026-07-28 07:45:26,000 1 INFO purchase_product_optional_demo odoo.models: Prepare computation of res.users.sale_team_id 
2026-07-28 07:45:26,073 1 INFO purchase_product_optional_demo odoo.modules.loading: loading sales_team/security/sales_team_security.xml 
2026-07-28 07:45:26,166 1 INFO purchase_product_optional_demo odoo.modules.loading: loading sales_team/security/ir.model.access.csv 
2026-07-28 07:45:26,177 1 INFO purchase_product_optional_demo odoo.modules.loading: loading sales_team/data/crm_team_data.xml 
2026-07-28 07:45:26,236 1 INFO purchase_product_optional_demo odoo.modules.loading: loading sales_team/views/crm_tag_views.xml 
2026-07-28 07:45:26,246 1 INFO purchase_product_optional_demo odoo.modules.loading: loading sales_team/views/crm_team_views.xml 
2026-07-28 07:45:26,267 1 INFO purchase_product_optional_demo odoo.modules.loading: loading sales_team/views/crm_team_member_views.xml 
2026-07-28 07:45:26,289 1 INFO purchase_product_optional_demo odoo.modules.loading: loading sales_team/views/mail_activity_views.xml 
2026-07-28 07:45:26,293 1 INFO purchase_product_optional_demo odoo.modules.loading: loading sales_team/views/res_partner_views.xml 
2026-07-28 07:45:26,301 1 INFO purchase_product_optional_demo odoo.modules.loading: Module sales_team: loading demo 
2026-07-28 07:45:26,302 1 INFO purchase_product_optional_demo odoo.modules.loading: loading sales_team/data/crm_team_demo.xml 
2026-07-28 07:45:26,331 1 INFO purchase_product_optional_demo odoo.modules.loading: loading sales_team/data/crm_tag_demo.xml 
2026-07-28 07:45:26,350 1 INFO purchase_product_optional_demo odoo.modules.loading: Module sales_team loaded in 0.44s, 675 queries (+675 other) 
2026-07-28 07:45:26,351 1 INFO purchase_product_optional_demo odoo.modules.loading: Loading module web_unsplash (28/56) 
2026-07-28 07:45:26,377 1 INFO purchase_product_optional_demo odoo.modules.registry: module web_unsplash: creating or updating database tables 
2026-07-28 07:45:26,409 1 INFO purchase_product_optional_demo odoo.modules.loading: loading web_unsplash/views/res_config_settings_view.xml 
2026-07-28 07:45:26,434 1 INFO purchase_product_optional_demo odoo.modules.loading: Module web_unsplash loaded in 0.08s, 98 queries (+98 other) 
2026-07-28 07:45:26,436 1 INFO purchase_product_optional_demo odoo.modules.loading: Loading module partner_autocomplete (29/56) 
2026-07-28 07:45:26,464 1 INFO purchase_product_optional_demo odoo.modules.registry: module partner_autocomplete: creating or updating database tables 
2026-07-28 07:45:26,522 1 INFO purchase_product_optional_demo odoo.modules.loading: loading partner_autocomplete/security/ir.model.access.csv 
2026-07-28 07:45:26,531 1 INFO purchase_product_optional_demo odoo.modules.loading: loading partner_autocomplete/views/res_partner_views.xml 
2026-07-28 07:45:26,545 1 INFO purchase_product_optional_demo odoo.modules.loading: loading partner_autocomplete/views/res_company_views.xml 
2026-07-28 07:45:26,557 1 INFO purchase_product_optional_demo odoo.modules.loading: loading partner_autocomplete/views/res_config_settings_views.xml 
2026-07-28 07:45:26,567 1 INFO purchase_product_optional_demo odoo.modules.loading: loading partner_autocomplete/data/cron.xml 
2026-07-28 07:45:26,585 1 INFO purchase_product_optional_demo odoo.modules.loading: Module partner_autocomplete loaded in 0.15s, 196 queries (+196 other) 
2026-07-28 07:45:26,587 1 INFO purchase_product_optional_demo odoo.modules.loading: Loading module portal (30/56) 
2026-07-28 07:45:26,622 1 INFO purchase_product_optional_demo odoo.modules.registry: module portal: creating or updating database tables 
2026-07-28 07:45:26,760 1 INFO purchase_product_optional_demo odoo.modules.loading: loading portal/security/ir.model.access.csv 
2026-07-28 07:45:26,768 1 INFO purchase_product_optional_demo odoo.modules.loading: loading portal/data/mail_template_data.xml 
2026-07-28 07:45:26,774 1 INFO purchase_product_optional_demo odoo.modules.loading: loading portal/data/mail_templates.xml 
2026-07-28 07:45:26,778 1 INFO purchase_product_optional_demo odoo.modules.loading: loading portal/views/mail_templates_public.xml 
2026-07-28 07:45:26,783 1 INFO purchase_product_optional_demo odoo.modules.loading: loading portal/views/portal_templates.xml 
2026-07-28 07:45:26,853 1 INFO purchase_product_optional_demo odoo.modules.loading: loading portal/views/res_config_settings_views.xml 
2026-07-28 07:45:26,863 1 INFO purchase_product_optional_demo odoo.modules.loading: loading portal/wizard/portal_share_views.xml 
2026-07-28 07:45:26,874 1 INFO purchase_product_optional_demo odoo.modules.loading: loading portal/wizard/portal_wizard_views.xml 
2026-07-28 07:45:26,897 1 INFO purchase_product_optional_demo odoo.modules.loading: Module portal loaded in 0.31s, 502 queries (+502 other) 
2026-07-28 07:45:26,903 1 INFO purchase_product_optional_demo odoo.modules.loading: Loading module sms (31/56) 
2026-07-28 07:45:26,952 1 INFO purchase_product_optional_demo odoo.modules.registry: module sms: creating or updating database tables 
2026-07-28 07:45:26,982 1 INFO purchase_product_optional_demo odoo.models: Prepare computation of ir.actions.server.sms_template_id 
2026-07-28 07:45:26,997 1 INFO purchase_product_optional_demo odoo.models: Prepare computation of ir.actions.server.sms_method 
2026-07-28 07:45:27,036 1 INFO purchase_product_optional_demo odoo.models: Prepare computation of res.partner.phone_sanitized 
2026-07-28 07:45:27,759 1 INFO purchase_product_optional_demo odoo.modules.loading: loading sms/data/ir_cron_data.xml 
2026-07-28 07:45:27,766 1 INFO purchase_product_optional_demo odoo.modules.loading: loading sms/wizard/sms_composer_views.xml 
2026-07-28 07:45:27,778 1 INFO purchase_product_optional_demo odoo.modules.loading: loading sms/wizard/sms_template_preview_views.xml 
2026-07-28 07:45:27,785 1 INFO purchase_product_optional_demo odoo.modules.loading: loading sms/wizard/sms_resend_views.xml 
2026-07-28 07:45:27,793 1 INFO purchase_product_optional_demo odoo.modules.loading: loading sms/wizard/sms_template_reset_views.xml 
2026-07-28 07:45:27,799 1 INFO purchase_product_optional_demo odoo.modules.loading: loading sms/views/ir_actions_server_views.xml 
2026-07-28 07:45:27,807 1 INFO purchase_product_optional_demo odoo.modules.loading: loading sms/views/mail_notification_views.xml 
2026-07-28 07:45:27,815 1 INFO purchase_product_optional_demo odoo.modules.loading: loading sms/views/res_config_settings_views.xml 
2026-07-28 07:45:27,824 1 INFO purchase_product_optional_demo odoo.modules.loading: loading sms/views/res_partner_views.xml 
2026-07-28 07:45:27,843 1 INFO purchase_product_optional_demo odoo.modules.loading: loading sms/views/sms_sms_views.xml 
2026-07-28 07:45:27,870 1 INFO purchase_product_optional_demo odoo.modules.loading: loading sms/views/sms_template_views.xml 
2026-07-28 07:45:27,891 1 INFO purchase_product_optional_demo odoo.modules.loading: loading sms/security/ir.model.access.csv 
2026-07-28 07:45:27,911 1 INFO purchase_product_optional_demo odoo.modules.loading: loading sms/security/sms_security.xml 
2026-07-28 07:45:27,917 1 INFO purchase_product_optional_demo odoo.modules.loading: Module sms: loading demo 
2026-07-28 07:45:27,918 1 INFO purchase_product_optional_demo odoo.modules.loading: loading sms/data/sms_demo.xml 
2026-07-28 07:45:27,922 1 INFO purchase_product_optional_demo odoo.modules.loading: loading sms/data/mail_demo.xml 
2026-07-28 07:45:27,967 1 INFO purchase_product_optional_demo odoo.modules.loading: Module sms loaded in 1.06s, 2139 queries (+2139 other) 
2026-07-28 07:45:27,968 1 INFO purchase_product_optional_demo odoo.modules.loading: Loading module snailmail (32/56) 
2026-07-28 07:45:28,008 1 INFO purchase_product_optional_demo odoo.modules.registry: module snailmail: creating or updating database tables 
2026-07-28 07:45:28,268 1 INFO purchase_product_optional_demo odoo.modules.loading: loading snailmail/data/snailmail_data.xml 
2026-07-28 07:45:28,278 1 INFO purchase_product_optional_demo odoo.modules.loading: loading snailmail/views/report_assets.xml 
2026-07-28 07:45:28,290 1 INFO purchase_product_optional_demo odoo.modules.loading: loading snailmail/views/snailmail_views.xml 
2026-07-28 07:45:28,307 1 INFO purchase_product_optional_demo odoo.modules.loading: loading snailmail/wizard/snailmail_letter_format_error_views.xml 
2026-07-28 07:45:28,316 1 INFO purchase_product_optional_demo odoo.modules.loading: loading snailmail/wizard/snailmail_letter_missing_required_fields_views.xml 
2026-07-28 07:45:28,324 1 INFO purchase_product_optional_demo odoo.modules.loading: loading snailmail/security/ir.model.access.csv 
2026-07-28 07:45:28,349 1 INFO purchase_product_optional_demo odoo.modules.loading: Module snailmail loaded in 0.38s, 443 queries (+443 other) 
2026-07-28 07:45:28,350 1 INFO purchase_product_optional_demo odoo.modules.loading: Loading module auth_totp_portal (33/56) 
2026-07-28 07:45:28,383 1 INFO purchase_product_optional_demo odoo.modules.registry: module auth_totp_portal: creating or updating database tables 
2026-07-28 07:45:28,405 1 INFO purchase_product_optional_demo odoo.modules.loading: loading auth_totp_portal/security/security.xml 
2026-07-28 07:45:28,416 1 INFO purchase_product_optional_demo odoo.modules.loading: loading auth_totp_portal/views/templates.xml 
2026-07-28 07:45:28,430 1 INFO purchase_product_optional_demo odoo.modules.loading: Module auth_totp_portal loaded in 0.08s, 66 queries (+66 other) 
2026-07-28 07:45:28,431 1 INFO purchase_product_optional_demo odoo.modules.loading: Loading module digest (34/56) 
2026-07-28 07:45:28,462 1 INFO purchase_product_optional_demo odoo.modules.registry: module digest: creating or updating database tables 
2026-07-28 07:45:28,547 1 INFO purchase_product_optional_demo odoo.modules.loading: loading digest/security/ir.model.access.csv 
2026-07-28 07:45:28,560 1 INFO purchase_product_optional_demo odoo.modules.loading: loading digest/data/digest_data.xml 
2026-07-28 07:45:28,578 1 INFO purchase_product_optional_demo odoo.modules.loading: loading digest/data/digest_tips_data.xml 
2026-07-28 07:45:28,590 1 INFO purchase_product_optional_demo odoo.modules.loading: loading digest/data/ir_cron_data.xml 
2026-07-28 07:45:28,601 1 INFO purchase_product_optional_demo odoo.modules.loading: loading digest/data/res_config_settings_data.xml 
2026-07-28 07:45:28,609 1 INFO purchase_product_optional_demo odoo.modules.loading: loading digest/views/digest_views.xml 
2026-07-28 07:45:28,643 1 INFO purchase_product_optional_demo odoo.modules.loading: loading digest/views/digest_templates.xml 
2026-07-28 07:45:28,649 1 INFO purchase_product_optional_demo odoo.modules.loading: loading digest/views/res_config_settings_views.xml 
2026-07-28 07:45:28,675 1 INFO purchase_product_optional_demo odoo.modules.loading: Module digest loaded in 0.24s, 296 queries (+296 other) 
2026-07-28 07:45:28,676 1 INFO purchase_product_optional_demo odoo.modules.loading: Loading module payment (35/56) 
2026-07-28 07:45:28,713 1 INFO purchase_product_optional_demo odoo.modules.registry: module payment: creating or updating database tables 
2026-07-28 07:45:28,992 1 INFO purchase_product_optional_demo odoo.modules.loading: loading payment/data/onboarding_data.xml 
2026-07-28 07:45:28,997 1 INFO purchase_product_optional_demo odoo.modules.loading: loading payment/data/payment_method_data.xml 
2026-07-28 07:45:30,142 1 INFO purchase_product_optional_demo odoo.modules.loading: loading payment/data/payment_provider_data.xml 
2026-07-28 07:45:30,231 1 INFO purchase_product_optional_demo odoo.modules.loading: loading payment/data/payment_cron.xml 
2026-07-28 07:45:30,613 1 INFO purchase_product_optional_demo odoo.modules.loading: loading payment/views/express_checkout_templates.xml 
2026-07-28 07:45:30,619 1 INFO purchase_product_optional_demo odoo.modules.loading: loading payment/views/payment_form_templates.xml 
2026-07-28 07:45:30,637 1 INFO purchase_product_optional_demo odoo.modules.loading: loading payment/views/portal_templates.xml 
2026-07-28 07:45:30,665 1 INFO purchase_product_optional_demo odoo.modules.loading: loading payment/views/payment_provider_views.xml 
2026-07-28 07:45:30,685 1 INFO purchase_product_optional_demo odoo.modules.loading: loading payment/views/payment_method_views.xml 
2026-07-28 07:45:30,701 1 INFO purchase_product_optional_demo odoo.modules.loading: loading payment/views/payment_transaction_views.xml 
2026-07-28 07:45:30,718 1 INFO purchase_product_optional_demo odoo.modules.loading: loading payment/views/payment_token_views.xml 
2026-07-28 07:45:30,735 1 INFO purchase_product_optional_demo odoo.modules.loading: loading payment/views/res_partner_views.xml 
2026-07-28 07:45:30,749 1 INFO purchase_product_optional_demo odoo.modules.loading: loading payment/security/ir.model.access.csv 
2026-07-28 07:45:30,761 1 INFO purchase_product_optional_demo odoo.modules.loading: loading payment/security/payment_security.xml 
2026-07-28 07:45:30,780 1 INFO purchase_product_optional_demo odoo.modules.loading: loading payment/wizards/payment_capture_wizard_views.xml 
2026-07-28 07:45:30,785 1 INFO purchase_product_optional_demo odoo.modules.loading: loading payment/wizards/payment_link_wizard_views.xml 
2026-07-28 07:45:30,796 1 INFO purchase_product_optional_demo odoo.modules.loading: loading payment/wizards/payment_onboarding_views.xml 
2026-07-28 07:45:30,821 1 INFO purchase_product_optional_demo odoo.modules.loading: Module payment loaded in 2.14s, 2222 queries (+2222 other) 
2026-07-28 07:45:30,823 1 INFO purchase_product_optional_demo odoo.modules.loading: Loading module spreadsheet (36/56) 
2026-07-28 07:45:30,861 1 INFO purchase_product_optional_demo odoo.modules.registry: module spreadsheet: creating or updating database tables 
2026-07-28 07:45:30,894 1 INFO purchase_product_optional_demo odoo.modules.loading: loading spreadsheet/views/public_readonly_spreadsheet_templates.xml 
2026-07-28 07:45:30,907 1 INFO purchase_product_optional_demo odoo.modules.loading: Module spreadsheet loaded in 0.08s, 83 queries (+83 other) 
2026-07-28 07:45:30,908 1 INFO purchase_product_optional_demo odoo.modules.loading: Loading module account (37/56) 
2026-07-28 07:45:31,030 1 INFO purchase_product_optional_demo odoo.modules.registry: module account: creating or updating database tables 
2026-07-28 07:45:31,124 1 INFO purchase_product_optional_demo odoo.models: Prepare computation of res.partner.bank.has_iban_warning 
2026-07-28 07:45:31,125 1 INFO purchase_product_optional_demo odoo.models: Prepare computation of res.partner.bank.has_money_transfer_warning 
2026-07-28 07:45:31,637 1 INFO purchase_product_optional_demo odoo.models: Prepare computation of res.company.account_fiscal_country_id 
2026-07-28 07:45:31,638 1 INFO purchase_product_optional_demo odoo.models: Prepare computation of res.company.invoice_terms_html 
2026-07-28 07:45:33,257 1 INFO purchase_product_optional_demo odoo.modules.loading: loading account/security/account_security.xml 
2026-07-28 07:45:33,531 1 INFO purchase_product_optional_demo odoo.modules.loading: loading account/security/ir.model.access.csv 
2026-07-28 07:45:33,582 1 INFO purchase_product_optional_demo odoo.modules.loading: loading account/data/account_data.xml 
2026-07-28 07:45:33,631 1 INFO purchase_product_optional_demo odoo.modules.loading: loading account/data/digest_data.xml 
2026-07-28 07:45:33,641 1 INFO purchase_product_optional_demo odoo.modules.loading: loading account/views/account_report.xml 
2026-07-28 07:45:33,659 1 INFO purchase_product_optional_demo odoo.modules.loading: loading account/data/mail_template_data.xml 
2026-07-28 07:45:33,671 1 INFO purchase_product_optional_demo odoo.modules.loading: loading account/data/onboarding_data.xml 
2026-07-28 07:45:33,727 1 INFO purchase_product_optional_demo odoo.modules.loading: loading account/views/account_payment_view.xml 
2026-07-28 07:45:33,776 1 INFO purchase_product_optional_demo odoo.modules.loading: loading account/wizard/account_automatic_entry_wizard_views.xml 
2026-07-28 07:45:33,789 1 INFO purchase_product_optional_demo odoo.modules.loading: loading account/wizard/account_unreconcile_view.xml 
2026-07-28 07:45:33,797 1 INFO purchase_product_optional_demo odoo.modules.loading: loading account/wizard/account_move_reversal_view.xml 
2026-07-28 07:45:33,810 1 INFO purchase_product_optional_demo odoo.modules.loading: loading account/wizard/account_resequence_views.xml 
2026-07-28 07:45:33,821 1 INFO purchase_product_optional_demo odoo.modules.loading: loading account/wizard/account_payment_register_views.xml 
2026-07-28 07:45:33,831 1 INFO purchase_product_optional_demo odoo.modules.loading: loading account/views/account_move_views.xml 
2026-07-28 07:45:34,047 1 INFO purchase_product_optional_demo odoo.modules.loading: loading account/wizard/setup_wizards_view.xml 
2026-07-28 07:45:34,067 1 INFO purchase_product_optional_demo odoo.modules.loading: loading account/views/account_account_views.xml 
2026-07-28 07:45:34,086 1 INFO purchase_product_optional_demo odoo.modules.loading: loading account/views/account_group_views.xml 
2026-07-28 07:45:34,098 1 INFO purchase_product_optional_demo odoo.modules.loading: loading account/views/account_journal_views.xml 
2026-07-28 07:45:34,139 1 INFO purchase_product_optional_demo odoo.modules.loading: loading account/views/account_account_tag_views.xml 
2026-07-28 07:45:34,155 1 INFO purchase_product_optional_demo odoo.modules.loading: loading account/views/account_bank_statement_views.xml 
2026-07-28 07:45:34,179 1 INFO purchase_product_optional_demo odoo.modules.loading: loading account/views/account_reconcile_model_views.xml 
2026-07-28 07:45:34,202 1 INFO purchase_product_optional_demo odoo.modules.loading: loading account/views/account_tax_views.xml 
2026-07-28 07:45:34,244 1 INFO purchase_product_optional_demo odoo.modules.loading: loading account/views/account_full_reconcile_views.xml 
2026-07-28 07:45:34,256 1 INFO purchase_product_optional_demo odoo.modules.loading: loading account/views/account_payment_term_views.xml 
2026-07-28 07:45:34,277 1 INFO purchase_product_optional_demo odoo.modules.loading: loading account/views/account_payment_method.xml 
2026-07-28 07:45:34,286 1 INFO purchase_product_optional_demo odoo.modules.loading: loading account/views/res_partner_bank_views.xml 
2026-07-28 07:45:34,305 1 INFO purchase_product_optional_demo odoo.modules.loading: loading account/views/report_statement.xml 
2026-07-28 07:45:34,316 1 INFO purchase_product_optional_demo odoo.modules.loading: loading account/views/terms_template.xml 
2026-07-28 07:45:34,326 1 INFO purchase_product_optional_demo odoo.modules.loading: loading account/wizard/account_validate_move_view.xml 
2026-07-28 07:45:34,338 1 INFO purchase_product_optional_demo odoo.modules.loading: loading account/views/res_company_views.xml 
2026-07-28 07:45:34,355 1 INFO purchase_product_optional_demo odoo.modules.loading: loading account/views/product_view.xml 
2026-07-28 07:45:34,376 1 INFO purchase_product_optional_demo odoo.modules.loading: loading account/views/account_analytic_plan_views.xml 
2026-07-28 07:45:34,389 1 INFO purchase_product_optional_demo odoo.modules.loading: loading account/views/account_analytic_account_views.xml 
2026-07-28 07:45:34,399 1 INFO purchase_product_optional_demo odoo.modules.loading: loading account/views/account_analytic_distribution_model_views.xml 
2026-07-28 07:45:34,420 1 INFO purchase_product_optional_demo odoo.modules.loading: loading account/views/account_analytic_line_views.xml 
2026-07-28 07:45:34,441 1 INFO purchase_product_optional_demo odoo.modules.loading: loading account/views/report_invoice.xml 
2026-07-28 07:45:34,470 1 INFO purchase_product_optional_demo odoo.modules.loading: loading account/report/account_invoice_report_view.xml 
2026-07-28 07:45:34,506 1 INFO purchase_product_optional_demo odoo.modules.loading: loading account/views/account_cash_rounding_view.xml 
2026-07-28 07:45:34,522 1 INFO purchase_product_optional_demo odoo.modules.loading: loading account/views/ir_module_views.xml 
2026-07-28 07:45:34,530 1 INFO purchase_product_optional_demo odoo.modules.loading: loading account/views/res_config_settings_views.xml 
2026-07-28 07:45:34,551 1 INFO purchase_product_optional_demo odoo.modules.loading: loading account/views/partner_view.xml 
2026-07-28 07:45:34,597 1 INFO purchase_product_optional_demo odoo.modules.loading: loading account/views/account_journal_dashboard_view.xml 
2026-07-28 07:45:34,613 1 INFO purchase_product_optional_demo odoo.modules.loading: loading account/views/account_portal_templates.xml 
2026-07-28 07:45:34,643 1 INFO purchase_product_optional_demo odoo.modules.loading: loading account/views/report_payment_receipt_templates.xml 
2026-07-28 07:45:34,650 1 INFO purchase_product_optional_demo odoo.modules.loading: loading account/data/service_cron.xml 
2026-07-28 07:45:34,662 1 INFO purchase_product_optional_demo odoo.modules.loading: loading account/views/account_incoterms_view.xml 
2026-07-28 07:45:34,675 1 INFO purchase_product_optional_demo odoo.modules.loading: loading account/data/account_incoterms_data.xml 
2026-07-28 07:45:34,689 1 INFO purchase_product_optional_demo odoo.modules.loading: loading account/views/digest_views.xml 
2026-07-28 07:45:34,700 1 INFO purchase_product_optional_demo odoo.modules.loading: loading account/wizard/account_move_send_views.xml 
2026-07-28 07:45:34,709 1 INFO purchase_product_optional_demo odoo.modules.loading: loading account/report/account_hash_integrity_templates.xml 
2026-07-28 07:45:34,720 1 INFO purchase_product_optional_demo odoo.modules.loading: loading account/views/res_currency.xml 
2026-07-28 07:45:34,727 1 INFO purchase_product_optional_demo odoo.modules.loading: loading account/views/account_menuitem.xml 
2026-07-28 07:45:34,859 1 INFO purchase_product_optional_demo odoo.modules.loading: loading account/wizard/account_tour_upload_bill.xml 
2026-07-28 07:45:34,867 1 INFO purchase_product_optional_demo odoo.modules.loading: loading account/wizard/accrued_orders.xml 
2026-07-28 07:45:34,877 1 INFO purchase_product_optional_demo odoo.modules.loading: loading account/views/bill_preview_template.xml 
2026-07-28 07:45:34,889 1 INFO purchase_product_optional_demo odoo.modules.loading: loading account/data/account_reports_data.xml 
2026-07-28 07:45:36,397 1 INFO purchase_product_optional_demo odoo.modules.loading: loading account/views/uom_uom_views.xml 
2026-07-28 07:45:36,411 1 INFO purchase_product_optional_demo odoo.modules.loading: loading account/data/ir_config_parameter_data.xml 
2026-07-28 07:45:36,420 1 INFO purchase_product_optional_demo odoo.modules.loading: Module account: loading demo 
2026-07-28 07:45:36,421 1 INFO purchase_product_optional_demo odoo.modules.loading: loading account/demo/account_demo.xml 
2026-07-28 07:45:37,635 1 INFO purchase_product_optional_demo odoo.addons.mail.models.mail_mail: Mail (mail.mail) with ID 1 and Message-Id '<526661744022126.1785224737.579502344131470-openerp-message-notify@77a5a6dbd9af>' from 'odoobot@example.com' to (redacted) 'a****@yourcompany.example.com' successfully sent 
2026-07-28 07:45:37,636 1 INFO purchase_product_optional_demo odoo.addons.mail.models.mail_mail: Total emails tried by SMTP: 1 
2026-07-28 07:45:37,681 1 INFO purchase_product_optional_demo odoo.models.unlink: User #1 deleted mail.mail records with IDs: [1] 
2026-07-28 07:45:37,682 1 INFO purchase_product_optional_demo odoo.addons.mail.models.mail_mail: Sent batch 1 emails via mail server ID #False 
2026-07-28 07:45:37,719 1 INFO purchase_product_optional_demo odoo.addons.mail.models.mail_mail: Mail (mail.mail) with ID 2 and Message-Id '<681889632505962.1785224737.688777923583984-openerp-message-notify@77a5a6dbd9af>' from 'odoobot@example.com' to (redacted) 'a****@yourcompany.example.com' successfully sent 
2026-07-28 07:45:37,721 1 INFO purchase_product_optional_demo odoo.addons.mail.models.mail_mail: Total emails tried by SMTP: 1 
2026-07-28 07:45:37,728 1 INFO purchase_product_optional_demo odoo.models.unlink: User #1 deleted mail.mail records with IDs: [2] 
2026-07-28 07:45:37,729 1 INFO purchase_product_optional_demo odoo.addons.mail.models.mail_mail: Sent batch 1 emails via mail server ID #False 
2026-07-28 07:45:37,767 1 INFO purchase_product_optional_demo odoo.addons.mail.models.mail_mail: Mail (mail.mail) with ID 3 and Message-Id '<214178163692137.1785224737.734457492828369-openerp-message-notify@77a5a6dbd9af>' from 'odoobot@example.com' to (redacted) 'a****@yourcompany.example.com' successfully sent 
2026-07-28 07:45:37,767 1 INFO purchase_product_optional_demo odoo.addons.mail.models.mail_mail: Total emails tried by SMTP: 1 
2026-07-28 07:45:37,773 1 INFO purchase_product_optional_demo odoo.models.unlink: User #1 deleted mail.mail records with IDs: [3] 
2026-07-28 07:45:37,774 1 INFO purchase_product_optional_demo odoo.addons.mail.models.mail_mail: Sent batch 1 emails via mail server ID #False 
2026-07-28 07:45:37,798 1 INFO purchase_product_optional_demo odoo.addons.mail.models.mail_mail: Mail (mail.mail) with ID 4 and Message-Id '<225741953169818.1785224737.779794692993164-openerp-message-notify@77a5a6dbd9af>' from 'odoobot@example.com' to (redacted) 'a****@yourcompany.example.com' successfully sent 
2026-07-28 07:45:37,799 1 INFO purchase_product_optional_demo odoo.addons.mail.models.mail_mail: Total emails tried by SMTP: 1 
2026-07-28 07:45:37,803 1 INFO purchase_product_optional_demo odoo.models.unlink: User #1 deleted mail.mail records with IDs: [4] 
2026-07-28 07:45:37,804 1 INFO purchase_product_optional_demo odoo.addons.mail.models.mail_mail: Sent batch 1 emails via mail server ID #False 
2026-07-28 07:45:38,243 1 INFO purchase_product_optional_demo odoo.addons.base.models.ir_module: ALLOW access to module.button_install on ['Check Printing Base'] to user __system__ #1 via n/a 
2026-07-28 07:45:38,291 1 INFO purchase_product_optional_demo odoo.modules.loading: Module account loaded in 7.38s, 8612 queries (+8613 other) 
2026-07-28 07:45:38,292 1 INFO purchase_product_optional_demo odoo.modules.loading: Loading module spreadsheet_dashboard (38/56) 
2026-07-28 07:45:38,343 1 INFO purchase_product_optional_demo odoo.modules.registry: module spreadsheet_dashboard: creating or updating database tables 
2026-07-28 07:45:38,412 1 INFO purchase_product_optional_demo odoo.modules.loading: loading spreadsheet_dashboard/security/security.xml 
2026-07-28 07:45:38,452 1 INFO purchase_product_optional_demo odoo.modules.loading: loading spreadsheet_dashboard/security/ir.model.access.csv 
2026-07-28 07:45:38,463 1 INFO purchase_product_optional_demo odoo.modules.loading: loading spreadsheet_dashboard/views/spreadsheet_dashboard_views.xml 
2026-07-28 07:45:38,475 1 INFO purchase_product_optional_demo odoo.modules.loading: loading spreadsheet_dashboard/views/menu_views.xml 
2026-07-28 07:45:38,495 1 INFO purchase_product_optional_demo odoo.modules.loading: loading spreadsheet_dashboard/data/dashboard.xml 
2026-07-28 07:45:38,514 1 INFO purchase_product_optional_demo odoo.modules.loading: Module spreadsheet_dashboard loaded in 0.22s, 267 queries (+267 other) 
2026-07-28 07:45:38,515 1 INFO purchase_product_optional_demo odoo.modules.loading: Loading module account_add_gln (39/56) 
2026-07-28 07:45:38,560 1 INFO purchase_product_optional_demo odoo.modules.registry: module account_add_gln: creating or updating database tables 
2026-07-28 07:45:38,647 1 INFO purchase_product_optional_demo odoo.modules.loading: loading account_add_gln/views/res_partner_views.xml 
2026-07-28 07:45:38,672 1 INFO purchase_product_optional_demo odoo.modules.loading: Module account_add_gln loaded in 0.16s, 94 queries (+94 other) 
2026-07-28 07:45:38,676 1 INFO purchase_product_optional_demo odoo.modules.loading: Loading module account_edi_ubl_cii (40/56) 
2026-07-28 07:45:38,743 1 INFO purchase_product_optional_demo odoo.modules.registry: module account_edi_ubl_cii: creating or updating database tables 
2026-07-28 07:45:38,757 1 INFO purchase_product_optional_demo odoo.models: Prepare computation of res.partner.ubl_cii_format 
2026-07-28 07:45:38,757 1 INFO purchase_product_optional_demo odoo.models: Prepare computation of res.partner.peppol_endpoint 
2026-07-28 07:45:38,758 1 INFO purchase_product_optional_demo odoo.models: Prepare computation of res.partner.peppol_eas 
2026-07-28 07:45:38,846 1 INFO purchase_product_optional_demo odoo.modules.loading: loading account_edi_ubl_cii/data/cii_22_templates.xml 
2026-07-28 07:45:38,863 1 INFO purchase_product_optional_demo odoo.modules.loading: loading account_edi_ubl_cii/data/ubl_20_templates.xml 
2026-07-28 07:45:38,921 1 INFO purchase_product_optional_demo odoo.modules.loading: loading account_edi_ubl_cii/data/ubl_21_templates.xml 
2026-07-28 07:45:38,948 1 INFO purchase_product_optional_demo odoo.modules.loading: loading account_edi_ubl_cii/views/account_move_views.xml 
2026-07-28 07:45:38,967 1 INFO purchase_product_optional_demo odoo.modules.loading: loading account_edi_ubl_cii/views/res_config_settings_views.xml 
2026-07-28 07:45:38,990 1 INFO purchase_product_optional_demo odoo.modules.loading: loading account_edi_ubl_cii/views/res_partner_views.xml 
2026-07-28 07:45:39,017 1 INFO purchase_product_optional_demo odoo.modules.loading: loading account_edi_ubl_cii/wizard/account_move_send_views.xml 
2026-07-28 07:45:39,038 1 INFO purchase_product_optional_demo odoo.modules.loading: Module account_edi_ubl_cii loaded in 0.36s, 437 queries (+437 other) 
2026-07-28 07:45:39,039 1 INFO purchase_product_optional_demo odoo.modules.loading: Loading module account_payment (41/56) 
2026-07-28 07:45:39,091 1 INFO purchase_product_optional_demo odoo.modules.registry: module account_payment: creating or updating database tables 
2026-07-28 07:45:39,114 1 INFO purchase_product_optional_demo odoo.models: Prepare computation of account.payment.method.line.payment_provider_id 
2026-07-28 07:45:39,229 1 INFO purchase_product_optional_demo odoo.modules.loading: loading account_payment/data/ir_config_parameter.xml 
2026-07-28 07:45:39,241 1 INFO purchase_product_optional_demo odoo.modules.loading: loading account_payment/data/onboarding_data.xml 
2026-07-28 07:45:39,258 1 INFO purchase_product_optional_demo odoo.modules.loading: loading account_payment/security/ir.model.access.csv 
2026-07-28 07:45:39,268 1 INFO purchase_product_optional_demo odoo.modules.loading: loading account_payment/security/ir_rules.xml 
2026-07-28 07:45:39,278 1 INFO purchase_product_optional_demo odoo.modules.loading: loading account_payment/views/account_payment_menus.xml 
2026-07-28 07:45:39,301 1 INFO purchase_product_optional_demo odoo.modules.loading: loading account_payment/views/account_portal_templates.xml 
2026-07-28 07:45:39,333 1 INFO purchase_product_optional_demo odoo.modules.loading: loading account_payment/views/account_move_views.xml 
2026-07-28 07:45:39,346 1 INFO purchase_product_optional_demo odoo.modules.loading: loading account_payment/views/account_journal_views.xml 
2026-07-28 07:45:39,356 1 INFO purchase_product_optional_demo odoo.modules.loading: loading account_payment/views/account_payment_views.xml 
2026-07-28 07:45:39,364 1 INFO purchase_product_optional_demo odoo.modules.loading: loading account_payment/views/payment_provider_views.xml 
2026-07-28 07:45:39,371 1 INFO purchase_product_optional_demo odoo.modules.loading: loading account_payment/views/payment_transaction_views.xml 
2026-07-28 07:45:39,380 1 INFO purchase_product_optional_demo odoo.modules.loading: loading account_payment/wizards/account_payment_register_views.xml 
2026-07-28 07:45:39,391 1 INFO purchase_product_optional_demo odoo.modules.loading: loading account_payment/wizards/payment_link_wizard_views.xml 
2026-07-28 07:45:39,397 1 INFO purchase_product_optional_demo odoo.modules.loading: loading account_payment/wizards/payment_refund_wizard_views.xml 
2026-07-28 07:45:39,406 1 INFO purchase_product_optional_demo odoo.modules.loading: loading account_payment/wizards/res_config_settings_views.xml 
2026-07-28 07:45:39,440 1 INFO purchase_product_optional_demo odoo.modules.loading: Module account_payment loaded in 0.40s, 472 queries (+472 other) 
2026-07-28 07:45:39,440 1 INFO purchase_product_optional_demo odoo.modules.loading: Loading module account_payment_term (42/56) 
2026-07-28 07:45:39,485 1 INFO purchase_product_optional_demo odoo.modules.registry: module account_payment_term: creating or updating database tables 
2026-07-28 07:45:39,513 1 INFO purchase_product_optional_demo odoo.modules.loading: loading account_payment_term/views/account_payment_term_views.xml 
2026-07-28 07:45:39,525 1 INFO purchase_product_optional_demo odoo.modules.loading: Module account_payment_term: loading demo 
2026-07-28 07:45:39,526 1 INFO purchase_product_optional_demo odoo.modules.loading: loading account_payment_term/demo/account_payment_term_demo.xml 
2026-07-28 07:45:39,543 1 INFO purchase_product_optional_demo odoo.modules.loading: Module account_payment_term loaded in 0.10s, 64 queries (+64 other) 
2026-07-28 07:45:39,543 1 INFO purchase_product_optional_demo odoo.modules.loading: Loading module product_matrix (43/56) 
2026-07-28 07:45:39,588 1 INFO purchase_product_optional_demo odoo.modules.registry: module product_matrix: creating or updating database tables 
2026-07-28 07:45:39,615 1 INFO purchase_product_optional_demo odoo.modules.loading: loading product_matrix/views/matrix_templates.xml 
2026-07-28 07:45:39,680 1 INFO purchase_product_optional_demo odoo.modules.loading: Module product_matrix: loading demo 
2026-07-28 07:45:39,688 1 INFO purchase_product_optional_demo odoo.modules.loading: loading product_matrix/data/product_matrix_demo.xml 
2026-07-28 07:45:39,862 1 INFO purchase_product_optional_demo odoo.models.unlink: User #1 deleted mail.message records with IDs: [112] 
2026-07-28 07:45:39,875 1 INFO purchase_product_optional_demo odoo.models.unlink: User #1 deleted ir.property records with IDs: [62] 
2026-07-28 07:45:39,876 1 INFO purchase_product_optional_demo odoo.models.unlink: User #1 deleted product.product records with IDs: [36] 
2026-07-28 07:45:39,927 1 INFO purchase_product_optional_demo odoo.models.unlink: User #1 deleted mail.message records with IDs: [117, 116, 115, 114, 113] 
2026-07-28 07:45:39,931 1 INFO purchase_product_optional_demo odoo.models.unlink: User #1 deleted product.product records with IDs: [37, 38, 39, 40, 41] 
2026-07-28 07:45:40,017 1 INFO purchase_product_optional_demo odoo.models.unlink: User #1 deleted mail.message records with IDs: [127, 126, 125, 124, 123, 122, 121, 120, 119, 118] 
2026-07-28 07:45:40,021 1 INFO purchase_product_optional_demo odoo.models.unlink: User #1 deleted product.product records with IDs: [42, 43, 44, 45, 46, 47, 48, 49, 50, 51] 
2026-07-28 07:45:40,034 1 INFO purchase_product_optional_demo odoo.modules.loading: Module product_matrix loaded in 0.49s, 488 queries (+488 other) 
2026-07-28 07:45:40,036 1 INFO purchase_product_optional_demo odoo.modules.loading: Loading module purchase (44/56) 
2026-07-28 07:45:40,090 1 INFO purchase_product_optional_demo odoo.modules.registry: module purchase: creating or updating database tables 
2026-07-28 07:45:40,156 1 INFO purchase_product_optional_demo odoo.models: Prepare computation of product.template.purchase_method 
2026-07-28 07:45:40,365 1 INFO purchase_product_optional_demo odoo.modules.loading: loading purchase/security/purchase_security.xml 
2026-07-28 07:45:40,520 1 INFO purchase_product_optional_demo odoo.modules.loading: loading purchase/security/ir.model.access.csv 
2026-07-28 07:45:40,541 1 INFO purchase_product_optional_demo odoo.modules.loading: loading purchase/data/digest_data.xml 
2026-07-28 07:45:40,548 1 INFO purchase_product_optional_demo odoo.modules.loading: loading purchase/views/account_move_views.xml 
2026-07-28 07:45:40,559 1 INFO purchase_product_optional_demo odoo.modules.loading: loading purchase/data/purchase_data.xml 
2026-07-28 07:45:40,587 1 INFO purchase_product_optional_demo odoo.modules.loading: loading purchase/data/ir_cron_data.xml 
2026-07-28 07:45:40,593 1 INFO purchase_product_optional_demo odoo.modules.loading: loading purchase/report/purchase_reports.xml 
2026-07-28 07:45:40,598 1 INFO purchase_product_optional_demo odoo.modules.loading: loading purchase/views/purchase_views.xml 
2026-07-28 07:45:40,739 1 INFO purchase_product_optional_demo odoo.modules.loading: loading purchase/views/res_config_settings_views.xml 
2026-07-28 07:45:40,761 1 INFO purchase_product_optional_demo odoo.modules.loading: loading purchase/views/product_views.xml 
2026-07-28 07:45:40,820 1 INFO purchase_product_optional_demo odoo.modules.loading: loading purchase/views/res_partner_views.xml 
2026-07-28 07:45:40,857 1 INFO purchase_product_optional_demo odoo.modules.loading: loading purchase/report/purchase_bill_views.xml 
2026-07-28 07:45:40,863 1 INFO purchase_product_optional_demo odoo.modules.loading: loading purchase/report/purchase_report_views.xml 
2026-07-28 07:45:40,887 1 INFO purchase_product_optional_demo odoo.modules.loading: loading purchase/data/mail_templates.xml 
2026-07-28 07:45:40,894 1 INFO purchase_product_optional_demo odoo.modules.loading: loading purchase/data/mail_template_data.xml 
2026-07-28 07:45:40,903 1 INFO purchase_product_optional_demo odoo.modules.loading: loading purchase/views/portal_templates.xml 
2026-07-28 07:45:40,935 1 INFO purchase_product_optional_demo odoo.modules.loading: loading purchase/report/purchase_order_templates.xml 
2026-07-28 07:45:40,946 1 INFO purchase_product_optional_demo odoo.modules.loading: loading purchase/report/purchase_quotation_templates.xml 
2026-07-28 07:45:40,955 1 INFO purchase_product_optional_demo odoo.modules.loading: loading purchase/views/product_packaging_views.xml 
2026-07-28 07:45:40,965 1 INFO purchase_product_optional_demo odoo.modules.loading: loading purchase/views/analytic_account_views.xml 
2026-07-28 07:45:40,972 1 INFO purchase_product_optional_demo odoo.modules.loading: Module purchase: loading demo 
2026-07-28 07:45:40,977 1 INFO purchase_product_optional_demo odoo.modules.loading: loading purchase/data/purchase_demo.xml 
2026-07-28 07:45:41,566 1 INFO purchase_product_optional_demo odoo.addons.mail.models.mail_mail: Mail (mail.mail) with ID 5 and Message-Id '<473341587498519.1785224741.530351638793945-openerp-message-notify@77a5a6dbd9af>' from 'odoobot@example.com' to (redacted) 'a****@yourcompany.example.com' successfully sent 
2026-07-28 07:45:41,567 1 INFO purchase_product_optional_demo odoo.addons.mail.models.mail_mail: Total emails tried by SMTP: 1 
2026-07-28 07:45:41,599 1 INFO purchase_product_optional_demo odoo.models.unlink: User #1 deleted mail.mail records with IDs: [5] 
2026-07-28 07:45:41,600 1 INFO purchase_product_optional_demo odoo.addons.mail.models.mail_mail: Sent batch 1 emails via mail server ID #False 
2026-07-28 07:45:41,630 1 INFO purchase_product_optional_demo odoo.addons.mail.models.mail_mail: Mail (mail.mail) with ID 6 and Message-Id '<170668833008682.1785224741.611597776412964-openerp-message-notify@77a5a6dbd9af>' from 'odoobot@example.com' to (redacted) 'a****@yourcompany.example.com' successfully sent 
2026-07-28 07:45:41,630 1 INFO purchase_product_optional_demo odoo.addons.mail.models.mail_mail: Total emails tried by SMTP: 1 
2026-07-28 07:45:41,635 1 INFO purchase_product_optional_demo odoo.models.unlink: User #1 deleted mail.mail records with IDs: [6] 
2026-07-28 07:45:41,637 1 INFO purchase_product_optional_demo odoo.addons.mail.models.mail_mail: Sent batch 1 emails via mail server ID #False 
2026-07-28 07:45:41,667 1 INFO purchase_product_optional_demo odoo.addons.mail.models.mail_mail: Mail (mail.mail) with ID 7 and Message-Id '<115228387376041.1785224741.646494626998901-openerp-message-notify@77a5a6dbd9af>' from 'odoobot@example.com' to (redacted) 'a****@yourcompany.example.com' successfully sent 
2026-07-28 07:45:41,667 1 INFO purchase_product_optional_demo odoo.addons.mail.models.mail_mail: Total emails tried by SMTP: 1 
2026-07-28 07:45:41,675 1 INFO purchase_product_optional_demo odoo.models.unlink: User #1 deleted mail.mail records with IDs: [7] 
2026-07-28 07:45:41,676 1 INFO purchase_product_optional_demo odoo.addons.mail.models.mail_mail: Sent batch 1 emails via mail server ID #False 
2026-07-28 07:45:41,707 1 INFO purchase_product_optional_demo odoo.addons.mail.models.mail_mail: Mail (mail.mail) with ID 8 and Message-Id '<731139444739104.1785224741.686397790908813-openerp-message-notify@77a5a6dbd9af>' from 'odoobot@example.com' to (redacted) 'a****@yourcompany.example.com' successfully sent 
2026-07-28 07:45:41,710 1 INFO purchase_product_optional_demo odoo.addons.mail.models.mail_mail: Total emails tried by SMTP: 1 
2026-07-28 07:45:41,716 1 INFO purchase_product_optional_demo odoo.models.unlink: User #1 deleted mail.mail records with IDs: [8] 
2026-07-28 07:45:41,716 1 INFO purchase_product_optional_demo odoo.addons.mail.models.mail_mail: Sent batch 1 emails via mail server ID #False 
2026-07-28 07:45:41,746 1 INFO purchase_product_optional_demo odoo.modules.loading: Module purchase loaded in 1.71s, 2799 queries (+2800 other) 
2026-07-28 07:45:41,747 1 INFO purchase_product_optional_demo odoo.modules.loading: Loading module snailmail_account (45/56) 
2026-07-28 07:45:41,799 1 INFO purchase_product_optional_demo odoo.modules.registry: module snailmail_account: creating or updating database tables 
2026-07-28 07:45:41,912 1 INFO purchase_product_optional_demo odoo.modules.loading: loading snailmail_account/views/res_config_settings_views.xml 
2026-07-28 07:45:41,927 1 INFO purchase_product_optional_demo odoo.modules.loading: loading snailmail_account/wizard/account_move_send_views.xml 
2026-07-28 07:45:41,947 1 INFO purchase_product_optional_demo odoo.modules.loading: Module snailmail_account loaded in 0.20s, 130 queries (+130 other) 
2026-07-28 07:45:41,948 1 INFO purchase_product_optional_demo odoo.modules.loading: Loading module spreadsheet_account (46/56) 
2026-07-28 07:45:42,002 1 INFO purchase_product_optional_demo odoo.modules.registry: module spreadsheet_account: creating or updating database tables 
2026-07-28 07:45:42,051 1 INFO purchase_product_optional_demo odoo.modules.loading: Module spreadsheet_account loaded in 0.10s, 53 queries (+53 other) 
2026-07-28 07:45:42,052 1 INFO purchase_product_optional_demo odoo.modules.loading: Loading module spreadsheet_dashboard_account (47/56) 
2026-07-28 07:45:42,108 1 INFO purchase_product_optional_demo odoo.modules.loading: loading spreadsheet_dashboard_account/data/dashboards.xml 
2026-07-28 07:45:42,140 1 INFO purchase_product_optional_demo odoo.modules.loading: Module spreadsheet_dashboard_account loaded in 0.09s, 27 queries (+27 other) 
2026-07-28 07:45:42,140 1 INFO purchase_product_optional_demo odoo.modules.loading: Loading module purchase_product_matrix (48/56) 
2026-07-28 07:45:42,189 1 INFO purchase_product_optional_demo odoo.modules.registry: module purchase_product_matrix: creating or updating database tables 
2026-07-28 07:45:42,239 1 INFO purchase_product_optional_demo odoo.modules.loading: loading purchase_product_matrix/views/purchase_views.xml 
2026-07-28 07:45:42,247 1 INFO purchase_product_optional_demo odoo.modules.loading: loading purchase_product_matrix/report/purchase_quotation_templates.xml 
2026-07-28 07:45:42,252 1 INFO purchase_product_optional_demo odoo.modules.loading: loading purchase_product_matrix/report/purchase_order_templates.xml 
2026-07-28 07:45:42,266 1 INFO purchase_product_optional_demo odoo.modules.loading: Module purchase_product_matrix loaded in 0.13s, 105 queries (+105 other) 
2026-07-28 07:45:42,267 1 INFO purchase_product_optional_demo odoo.modules.loading: Loading module sale (49/56) 
2026-07-28 07:45:42,331 1 INFO purchase_product_optional_demo odoo.modules.registry: module sale: creating or updating database tables 
2026-07-28 07:45:42,343 1 INFO purchase_product_optional_demo odoo.models: Prepare computation of account.move.team_id 
2026-07-28 07:45:42,400 1 INFO purchase_product_optional_demo odoo.models: Prepare computation of product.template.service_type 
2026-07-28 07:45:42,401 1 INFO purchase_product_optional_demo odoo.models: Prepare computation of product.template.expense_policy 
2026-07-28 07:45:42,401 1 INFO purchase_product_optional_demo odoo.models: Prepare computation of product.template.invoice_policy 
2026-07-28 07:45:42,872 1 INFO purchase_product_optional_demo odoo.modules.loading: loading sale/security/ir.model.access.csv 
2026-07-28 07:45:42,923 1 INFO purchase_product_optional_demo odoo.modules.loading: loading sale/security/res_groups.xml 
2026-07-28 07:45:42,952 1 INFO purchase_product_optional_demo odoo.modules.loading: loading sale/security/ir_rules.xml 
2026-07-28 07:45:43,040 1 INFO purchase_product_optional_demo odoo.modules.loading: loading sale/report/account_invoice_report_views.xml 
2026-07-28 07:45:43,054 1 INFO purchase_product_optional_demo odoo.modules.loading: loading sale/report/ir_actions_report_templates.xml 
2026-07-28 07:45:43,068 1 INFO purchase_product_optional_demo odoo.modules.loading: loading sale/report/ir_actions_report.xml 
2026-07-28 07:45:43,075 1 INFO purchase_product_optional_demo odoo.modules.loading: loading sale/report/sale_report_views.xml 
2026-07-28 07:45:43,104 1 INFO purchase_product_optional_demo odoo.modules.loading: loading sale/data/ir_cron.xml 
2026-07-28 07:45:43,111 1 INFO purchase_product_optional_demo odoo.modules.loading: loading sale/data/ir_sequence_data.xml 
2026-07-28 07:45:43,116 1 INFO purchase_product_optional_demo odoo.modules.loading: loading sale/data/mail_activity_type_data.xml 
2026-07-28 07:45:43,123 1 INFO purchase_product_optional_demo odoo.modules.loading: loading sale/data/mail_message_subtype_data.xml 
2026-07-28 07:45:43,132 1 INFO purchase_product_optional_demo odoo.modules.loading: loading sale/data/mail_template_data.xml 
2026-07-28 07:45:43,143 1 INFO purchase_product_optional_demo odoo.modules.loading: loading sale/data/ir_config_parameter.xml 
2026-07-28 07:45:43,152 1 INFO purchase_product_optional_demo odoo.modules.loading: loading sale/data/onboarding_data.xml 
2026-07-28 07:45:43,163 1 INFO purchase_product_optional_demo odoo.modules.loading: loading sale/wizard/account_accrued_orders_wizard_views.xml 
2026-07-28 07:45:43,167 1 INFO purchase_product_optional_demo odoo.modules.loading: loading sale/wizard/mass_cancel_orders_views.xml 
2026-07-28 07:45:43,173 1 INFO purchase_product_optional_demo odoo.modules.loading: loading sale/wizard/payment_link_wizard_views.xml 
2026-07-28 07:45:43,189 1 INFO purchase_product_optional_demo odoo.modules.loading: loading sale/wizard/res_config_settings_views.xml 
2026-07-28 07:45:43,206 1 INFO purchase_product_optional_demo odoo.modules.loading: loading sale/wizard/sale_make_invoice_advance_views.xml 
2026-07-28 07:45:43,213 1 INFO purchase_product_optional_demo odoo.modules.loading: loading sale/wizard/sale_order_cancel_views.xml 
2026-07-28 07:45:43,217 1 INFO purchase_product_optional_demo odoo.modules.loading: loading sale/wizard/sale_order_discount_views.xml 
2026-07-28 07:45:43,222 1 INFO purchase_product_optional_demo odoo.modules.loading: loading sale/views/sale_order_views.xml 
2026-07-28 07:45:43,300 1 INFO purchase_product_optional_demo odoo.modules.loading: loading sale/views/account_views.xml 
2026-07-28 07:45:43,332 1 INFO purchase_product_optional_demo odoo.modules.loading: loading sale/views/crm_team_views.xml 
2026-07-28 07:45:43,353 1 INFO purchase_product_optional_demo odoo.modules.loading: loading sale/views/mail_activity_views.xml 
2026-07-28 07:45:43,356 1 INFO purchase_product_optional_demo odoo.modules.loading: loading sale/views/mail_activity_plan_views.xml 
2026-07-28 07:45:43,360 1 INFO purchase_product_optional_demo odoo.modules.loading: loading sale/views/payment_views.xml 
2026-07-28 07:45:43,371 1 INFO purchase_product_optional_demo odoo.modules.loading: loading sale/views/product_document_views.xml 
2026-07-28 07:45:43,386 1 INFO purchase_product_optional_demo odoo.modules.loading: loading sale/views/product_packaging_views.xml 
2026-07-28 07:45:43,397 1 INFO purchase_product_optional_demo odoo.modules.loading: loading sale/views/product_views.xml 
2026-07-28 07:45:43,433 1 INFO purchase_product_optional_demo odoo.modules.loading: loading sale/views/res_partner_views.xml 
2026-07-28 07:45:43,467 1 INFO purchase_product_optional_demo odoo.modules.loading: loading sale/views/sale_order_line_views.xml 
2026-07-28 07:45:43,480 1 INFO purchase_product_optional_demo odoo.modules.loading: loading sale/views/sale_portal_templates.xml 
2026-07-28 07:45:43,510 1 INFO purchase_product_optional_demo odoo.modules.loading: loading sale/views/utm_campaign_views.xml 
2026-07-28 07:45:43,519 1 INFO purchase_product_optional_demo odoo.modules.loading: loading sale/views/sale_menus.xml 
2026-07-28 07:45:43,608 1 INFO purchase_product_optional_demo odoo.modules.loading: Module sale: loading demo 
2026-07-28 07:45:43,609 1 INFO purchase_product_optional_demo odoo.modules.loading: loading sale/data/product_demo.xml 
2026-07-28 07:45:43,755 1 INFO purchase_product_optional_demo odoo.modules.loading: loading sale/data/sale_demo.xml 
2026-07-28 07:45:44,572 1 INFO purchase_product_optional_demo odoo.addons.mail.models.mail_mail: Mail (mail.mail) with ID 9 and Message-Id '<841220686977706.1785224744.540057659149170-openerp-message-notify@77a5a6dbd9af>' from 'odoobot@example.com' to (redacted) 'a****@yourcompany.example.com' successfully sent 
2026-07-28 07:45:44,573 1 INFO purchase_product_optional_demo odoo.addons.mail.models.mail_mail: Total emails tried by SMTP: 1 
2026-07-28 07:45:44,581 1 INFO purchase_product_optional_demo odoo.models.unlink: User #1 deleted mail.mail records with IDs: [9] 
2026-07-28 07:45:44,584 1 INFO purchase_product_optional_demo odoo.addons.mail.models.mail_mail: Sent batch 1 emails via mail server ID #False 
2026-07-28 07:45:44,613 1 INFO purchase_product_optional_demo odoo.addons.mail.models.mail_mail: Mail (mail.mail) with ID 10 and Message-Id '<225016849296393.1785224744.595213174819946-openerp-message-notify@77a5a6dbd9af>' from 'odoobot@example.com' to (redacted) 'a****@yourcompany.example.com' successfully sent 
2026-07-28 07:45:44,614 1 INFO purchase_product_optional_demo odoo.addons.mail.models.mail_mail: Total emails tried by SMTP: 1 
2026-07-28 07:45:44,620 1 INFO purchase_product_optional_demo odoo.models.unlink: User #1 deleted mail.mail records with IDs: [10] 
2026-07-28 07:45:44,620 1 INFO purchase_product_optional_demo odoo.addons.mail.models.mail_mail: Sent batch 1 emails via mail server ID #False 
2026-07-28 07:45:44,648 1 INFO purchase_product_optional_demo odoo.addons.mail.models.mail_mail: Mail (mail.mail) with ID 11 and Message-Id '<221923639695813.1785224744.630454301834106-openerp-message-notify@77a5a6dbd9af>' from 'odoobot@example.com' to (redacted) 'm*********23@example.com' successfully sent 
2026-07-28 07:45:44,649 1 INFO purchase_product_optional_demo odoo.addons.mail.models.mail_mail: Total emails tried by SMTP: 1 
2026-07-28 07:45:44,655 1 INFO purchase_product_optional_demo odoo.models.unlink: User #1 deleted mail.mail records with IDs: [11] 
2026-07-28 07:45:44,664 1 INFO purchase_product_optional_demo odoo.addons.mail.models.mail_mail: Sent batch 1 emails via mail server ID #False 
2026-07-28 07:45:44,698 1 INFO purchase_product_optional_demo odoo.addons.mail.models.mail_mail: Mail (mail.mail) with ID 12 and Message-Id '<992331593526096.1785224744.680028438568115-openerp-message-notify@77a5a6dbd9af>' from 'odoobot@example.com' to (redacted) 'a****@yourcompany.example.com' successfully sent 
2026-07-28 07:45:44,699 1 INFO purchase_product_optional_demo odoo.addons.mail.models.mail_mail: Total emails tried by SMTP: 1 
2026-07-28 07:45:44,705 1 INFO purchase_product_optional_demo odoo.models.unlink: User #1 deleted mail.mail records with IDs: [12] 
2026-07-28 07:45:44,712 1 INFO purchase_product_optional_demo odoo.addons.mail.models.mail_mail: Sent batch 1 emails via mail server ID #False 
2026-07-28 07:45:44,746 1 INFO purchase_product_optional_demo odoo.addons.mail.models.mail_mail: Mail (mail.mail) with ID 13 and Message-Id '<556284035755462.1785224744.727996110916138-openerp-message-notify@77a5a6dbd9af>' from 'odoobot@example.com' to (redacted) 'm*********23@example.com' successfully sent 
2026-07-28 07:45:44,747 1 INFO purchase_product_optional_demo odoo.addons.mail.models.mail_mail: Total emails tried by SMTP: 1 
2026-07-28 07:45:44,752 1 INFO purchase_product_optional_demo odoo.models.unlink: User #1 deleted mail.mail records with IDs: [13] 
2026-07-28 07:45:44,753 1 INFO purchase_product_optional_demo odoo.addons.mail.models.mail_mail: Sent batch 1 emails via mail server ID #False 
2026-07-28 07:45:44,780 1 INFO purchase_product_optional_demo odoo.addons.mail.models.mail_mail: Mail (mail.mail) with ID 14 and Message-Id '<266702580635244.1785224744.762292623519897-openerp-message-notify@77a5a6dbd9af>' from 'odoobot@example.com' to (redacted) 'm*********23@example.com' successfully sent 
2026-07-28 07:45:44,782 1 INFO purchase_product_optional_demo odoo.addons.mail.models.mail_mail: Total emails tried by SMTP: 1 
2026-07-28 07:45:44,787 1 INFO purchase_product_optional_demo odoo.models.unlink: User #1 deleted mail.mail records with IDs: [14] 
2026-07-28 07:45:44,787 1 INFO purchase_product_optional_demo odoo.addons.mail.models.mail_mail: Sent batch 1 emails via mail server ID #False 
2026-07-28 07:45:44,815 1 INFO purchase_product_optional_demo odoo.addons.mail.models.mail_mail: Mail (mail.mail) with ID 15 and Message-Id '<734867239973860.1785224744.796852111816406-openerp-message-notify@77a5a6dbd9af>' from 'odoobot@example.com' to (redacted) 'm*********23@example.com' successfully sent 
2026-07-28 07:45:44,818 1 INFO purchase_product_optional_demo odoo.addons.mail.models.mail_mail: Total emails tried by SMTP: 1 
2026-07-28 07:45:44,824 1 INFO purchase_product_optional_demo odoo.models.unlink: User #1 deleted mail.mail records with IDs: [15] 
2026-07-28 07:45:44,824 1 INFO purchase_product_optional_demo odoo.addons.mail.models.mail_mail: Sent batch 1 emails via mail server ID #False 
2026-07-28 07:45:44,852 1 INFO purchase_product_optional_demo odoo.addons.mail.models.mail_mail: Mail (mail.mail) with ID 16 and Message-Id '<084920918195042.1785224744.834247350692749-openerp-message-notify@77a5a6dbd9af>' from 'odoobot@example.com' to (redacted) 'a****@yourcompany.example.com' successfully sent 
2026-07-28 07:45:44,853 1 INFO purchase_product_optional_demo odoo.addons.mail.models.mail_mail: Total emails tried by SMTP: 1 
2026-07-28 07:45:44,858 1 INFO purchase_product_optional_demo odoo.models.unlink: User #1 deleted mail.mail records with IDs: [16] 
2026-07-28 07:45:44,861 1 INFO purchase_product_optional_demo odoo.addons.mail.models.mail_mail: Sent batch 1 emails via mail server ID #False 
2026-07-28 07:45:44,891 1 INFO purchase_product_optional_demo odoo.modules.loading: Module sale loaded in 2.62s, 4649 queries (+4650 other) 
2026-07-28 07:45:44,893 1 INFO purchase_product_optional_demo odoo.modules.loading: Loading module spreadsheet_dashboard_purchase (50/56) 
2026-07-28 07:45:44,948 1 INFO purchase_product_optional_demo odoo.modules.loading: loading spreadsheet_dashboard_purchase/data/dashboards.xml 
2026-07-28 07:45:44,979 1 INFO purchase_product_optional_demo odoo.modules.loading: Module spreadsheet_dashboard_purchase loaded in 0.09s, 26 queries (+26 other) 
2026-07-28 07:45:44,984 1 INFO purchase_product_optional_demo odoo.modules.loading: Loading module sale_async_emails (51/56) 
2026-07-28 07:45:45,035 1 INFO purchase_product_optional_demo odoo.modules.registry: module sale_async_emails: creating or updating database tables 
2026-07-28 07:45:45,116 1 INFO purchase_product_optional_demo odoo.modules.loading: loading sale_async_emails/data/ir_config_parameter.xml 
2026-07-28 07:45:45,121 1 INFO purchase_product_optional_demo odoo.modules.loading: loading sale_async_emails/data/ir_cron.xml 
2026-07-28 07:45:45,136 1 INFO purchase_product_optional_demo odoo.modules.loading: Module sale_async_emails loaded in 0.15s, 76 queries (+76 other) 
2026-07-28 07:45:45,140 1 INFO purchase_product_optional_demo odoo.modules.loading: Loading module sale_product_configurator (52/56) 
2026-07-28 07:45:45,194 1 INFO purchase_product_optional_demo odoo.modules.registry: module sale_product_configurator: creating or updating database tables 
2026-07-28 07:45:45,252 1 INFO purchase_product_optional_demo odoo.modules.loading: loading sale_product_configurator/views/product_template_views.xml 
2026-07-28 07:45:45,264 1 INFO purchase_product_optional_demo odoo.modules.loading: loading sale_product_configurator/views/sale_order_views.xml 
2026-07-28 07:45:45,276 1 INFO purchase_product_optional_demo odoo.modules.loading: Module sale_product_configurator: loading demo 
2026-07-28 07:45:45,278 1 INFO purchase_product_optional_demo odoo.modules.loading: loading sale_product_configurator/data/sale_demo.xml 
2026-07-28 07:45:45,351 1 INFO purchase_product_optional_demo odoo.modules.loading: Module sale_product_configurator loaded in 0.21s, 212 queries (+212 other) 
2026-07-28 07:45:45,353 1 INFO purchase_product_optional_demo odoo.modules.loading: Loading module sale_purchase (53/56) 
2026-07-28 07:45:45,405 1 INFO purchase_product_optional_demo odoo.modules.registry: module sale_purchase: creating or updating database tables 
2026-07-28 07:45:45,474 1 INFO purchase_product_optional_demo odoo.modules.loading: loading sale_purchase/data/mail_templates.xml 
2026-07-28 07:45:45,483 1 INFO purchase_product_optional_demo odoo.modules.loading: loading sale_purchase/views/product_views.xml 
2026-07-28 07:45:45,494 1 INFO purchase_product_optional_demo odoo.modules.loading: loading sale_purchase/views/sale_order_views.xml 
2026-07-28 07:45:45,503 1 INFO purchase_product_optional_demo odoo.modules.loading: loading sale_purchase/views/purchase_order_views.xml 
2026-07-28 07:45:45,510 1 INFO purchase_product_optional_demo odoo.modules.loading: loading sale_purchase/wizards/sale_order_cancel_views.xml 
2026-07-28 07:45:45,524 1 INFO purchase_product_optional_demo odoo.modules.loading: Module sale_purchase loaded in 0.17s, 208 queries (+208 other) 
2026-07-28 07:45:45,525 1 INFO purchase_product_optional_demo odoo.modules.loading: Loading module sale_sms (54/56) 
2026-07-28 07:45:45,580 1 INFO purchase_product_optional_demo odoo.modules.loading: loading sale_sms/security/ir.model.access.csv 
2026-07-28 07:45:45,604 1 INFO purchase_product_optional_demo odoo.modules.loading: loading sale_sms/security/security.xml 
2026-07-28 07:45:45,616 1 INFO purchase_product_optional_demo odoo.modules.loading: Module sale_sms loaded in 0.09s, 41 queries (+41 other) 
2026-07-28 07:45:45,616 1 INFO purchase_product_optional_demo odoo.modules.loading: Loading module spreadsheet_dashboard_sale (55/56) 
2026-07-28 07:45:45,669 1 INFO purchase_product_optional_demo odoo.modules.loading: loading spreadsheet_dashboard_sale/data/dashboards.xml 
2026-07-28 07:45:45,704 1 INFO purchase_product_optional_demo odoo.modules.loading: Module spreadsheet_dashboard_sale loaded in 0.09s, 31 queries (+31 other) 
2026-07-28 07:45:45,708 1 INFO purchase_product_optional_demo odoo.modules.loading: Loading module purchase_product_optional (56/56) 
2026-07-28 07:45:45,832 1 WARNING purchase_product_optional_demo odoo.fields: Field purchase.order.line.product_no_variant_attribute_value_ids: unknown parameter 'product_add_mode', if this is an actual parameter you may want to override the method _valid_field_parameter on the relevant model in order to allow it 
2026-07-28 07:45:45,846 1 INFO purchase_product_optional_demo odoo.modules.registry: module purchase_product_optional: creating or updating database tables 
2026-07-28 07:45:45,862 1 WARNING purchase_product_optional_demo odoo.addons.base.models.ir_model: Two fields (id_vendor, id) of purchase.order() have the same label: ID. [Modules: purchase_product_optional and purchase] 
2026-07-28 07:45:45,911 1 INFO purchase_product_optional_demo odoo.modules.loading: loading purchase_product_optional/views/purchase_order_views.xml 
2026-07-28 07:45:45,943 1 INFO purchase_product_optional_demo odoo.modules.loading: Module purchase_product_optional loaded in 0.24s, 120 queries (+120 other) 
2026-07-28 07:45:45,944 1 INFO purchase_product_optional_demo odoo.modules.loading: 56 modules loaded in 30.59s, 41830 queries (+41834 extra) 
2026-07-28 07:45:45,947 1 INFO purchase_product_optional_demo odoo.modules.loading: loading 57 modules... 
2026-07-28 07:45:45,948 1 INFO purchase_product_optional_demo odoo.modules.loading: Loading module account_check_printing (40/57) 
2026-07-28 07:45:45,996 1 WARNING purchase_product_optional_demo odoo.fields: Field purchase.order.line.product_no_variant_attribute_value_ids: unknown parameter 'product_add_mode', if this is an actual parameter you may want to override the method _valid_field_parameter on the relevant model in order to allow it 
2026-07-28 07:45:46,011 1 INFO purchase_product_optional_demo odoo.modules.registry: module account_check_printing: creating or updating database tables 
2026-07-28 07:45:46,152 1 INFO purchase_product_optional_demo odoo.modules.loading: loading account_check_printing/security/ir.model.access.csv 
2026-07-28 07:45:46,161 1 INFO purchase_product_optional_demo odoo.modules.loading: loading account_check_printing/data/account_check_printing_data.xml 
2026-07-28 07:45:46,176 1 INFO purchase_product_optional_demo odoo.modules.loading: loading account_check_printing/views/account_journal_views.xml 
2026-07-28 07:45:46,190 1 INFO purchase_product_optional_demo odoo.modules.loading: loading account_check_printing/views/account_move_views.xml 
2026-07-28 07:45:46,198 1 INFO purchase_product_optional_demo odoo.modules.loading: loading account_check_printing/views/account_payment_views.xml 
2026-07-28 07:45:46,211 1 INFO purchase_product_optional_demo odoo.modules.loading: loading account_check_printing/views/res_config_settings_views.xml 
2026-07-28 07:45:46,226 1 INFO purchase_product_optional_demo odoo.modules.loading: loading account_check_printing/views/res_partner_views.xml 
2026-07-28 07:45:46,239 1 INFO purchase_product_optional_demo odoo.modules.loading: loading account_check_printing/wizard/print_prenumbered_checks_views.xml 
2026-07-28 07:45:46,263 1 INFO purchase_product_optional_demo odoo.modules.loading: Module account_check_printing loaded in 0.32s, 353 queries (+353 other) 
2026-07-28 07:45:46,264 1 INFO purchase_product_optional_demo odoo.modules.loading: 57 modules loaded in 0.32s, 353 queries (+353 extra) 
2026-07-28 07:45:46,306 1 WARNING purchase_product_optional_demo odoo.fields: Field purchase.order.line.product_no_variant_attribute_value_ids: unknown parameter 'product_add_mode', if this is an actual parameter you may want to override the method _valid_field_parameter on the relevant model in order to allow it 
2026-07-28 07:45:46,357 1 WARNING purchase_product_optional_demo odoo.fields: Field purchase.order.line.product_no_variant_attribute_value_ids: unknown parameter 'product_add_mode', if this is an actual parameter you may want to override the method _valid_field_parameter on the relevant model in order to allow it 
2026-07-28 07:45:46,778 1 INFO purchase_product_optional_demo odoo.modules.loading: Modules loaded. 
2026-07-28 07:45:46,959 1 INFO purchase_product_optional_demo odoo.modules.registry: Registry loaded in 40.901s 
2026-07-28 07:46:17,922 1 INFO purchase_product_optional_demo odoo.addons.base.models.ir_http: Generating routing map for key None 
2026-07-28 07:46:17,966 1 INFO purchase_product_optional_demo werkzeug: 172.19.0.1 - - [28/Jul/2026 07:46:17] "GET / HTTP/1.1" 303 - 7 0.003 0.045
2026-07-28 07:46:18,087 1 INFO purchase_product_optional_demo werkzeug: 172.19.0.1 - - [28/Jul/2026 07:46:18] "GET /web HTTP/1.1" 303 - 4 0.002 0.005
2026-07-28 07:46:18,213 1 INFO purchase_product_optional_demo werkzeug: 172.19.0.1 - - [28/Jul/2026 07:46:18] "GET /web/login HTTP/1.1" 200 - 58 0.017 0.103
2026-07-28 07:46:18,306 1 INFO purchase_product_optional_demo werkzeug: 172.19.0.1 - - [28/Jul/2026 07:46:18] "GET /web/binary/company_logo HTTP/1.1" 200 - 5 0.007 0.020
2026-07-28 07:46:19,256 1 INFO purchase_product_optional_demo odoo.addons.base.models.assetsbundle: Generating a new asset bundle attachment /web/assets/5942896/web.assets_frontend.min.css (id:776) 
2026-07-28 07:46:19,275 1 INFO purchase_product_optional_demo werkzeug: 172.19.0.1 - - [28/Jul/2026 07:46:19] "GET /web/assets/5942896/web.assets_frontend.min.css HTTP/1.1" 200 - 16 0.013 1.021
2026-07-28 07:46:19,738 1 INFO purchase_product_optional_demo odoo.addons.base.models.assetsbundle: Generating a new asset bundle attachment /web/assets/0aae2f8/web.assets_frontend_lazy.min.js (id:777) 
2026-07-28 07:46:19,740 1 INFO purchase_product_optional_demo werkzeug: 172.19.0.1 - - [28/Jul/2026 07:46:19] "GET /web/assets/0aae2f8/web.assets_frontend_lazy.min.js HTTP/1.1" 200 - 12 0.003 0.307
2026-07-28 07:46:19,881 1 INFO purchase_product_optional_demo werkzeug: 172.19.0.1 - - [28/Jul/2026 07:46:19] "GET /website/translations/a0904ff8e2c6bfa6bb5d9f87c1ef6d45fe749aa6 HTTP/1.1" 200 - 15 0.004 0.008
2026-07-28 07:46:21,328 1 INFO purchase_product_optional_demo werkzeug: 172.19.0.1 - - [28/Jul/2026 07:46:21] "GET /web/service-worker.js HTTP/1.1" 200 - 5 0.001 0.004
2026-07-28 07:46:35,600 1 INFO purchase_product_optional_demo odoo.addons.base.models.res_users: Login successful for db:purchase_product_optional_demo login:admin from 172.19.0.1 
2026-07-28 07:46:35,618 1 INFO purchase_product_optional_demo odoo.modules.registry: Caches invalidated, signaling through the database: ['default'] 
2026-07-28 07:46:35,620 1 INFO purchase_product_optional_demo werkzeug: 172.19.0.1 - - [28/Jul/2026 07:46:35] "POST /web/login HTTP/1.1" 303 - 69 0.028 0.346
2026-07-28 07:46:35,805 1 INFO purchase_product_optional_demo werkzeug: 172.19.0.1 - - [28/Jul/2026 07:46:35] "GET /web HTTP/1.1" 200 - 77 0.028 0.152
2026-07-28 07:46:35,839 1 INFO purchase_product_optional_demo werkzeug: 172.19.0.1 - - [28/Jul/2026 07:46:35] "GET /web/webclient/load_menus/ec91782fd70f36dcac5f171429505f79f6d5ce69a50f0b75ce92fbc087180754 HTTP/1.1" 200 - 2 0.004 0.005
2026-07-28 07:46:35,857 1 INFO purchase_product_optional_demo werkzeug: 172.19.0.1 - - [28/Jul/2026 07:46:35] "GET /web/webclient/translations/974b396e339ee444c7aa6647db2d4e0881d9f351?lang=en_US HTTP/1.1" 200 - 3 0.003 0.015
2026-07-28 07:46:35,864 1 INFO purchase_product_optional_demo werkzeug: 172.19.0.1 - - [28/Jul/2026 07:46:35] "GET /web/manifest.webmanifest HTTP/1.1" 200 - 9 0.008 0.014
2026-07-28 07:46:36,685 1 INFO purchase_product_optional_demo odoo.addons.base.models.assetsbundle: Generating a new asset bundle attachment /web/assets/c780d5b/web.assets_web.min.css (id:778) 
2026-07-28 07:46:36,707 1 INFO purchase_product_optional_demo werkzeug: 172.19.0.1 - - [28/Jul/2026 07:46:36] "GET /web/assets/c780d5b/web.assets_web.min.css HTTP/1.1" 200 - 15 0.024 0.854
2026-07-28 07:46:37,470 1 INFO purchase_product_optional_demo odoo.addons.base.models.assetsbundle: Generating a new asset bundle attachment /web/assets/ea3f3a8/web.assets_web.min.js (id:779) 
2026-07-28 07:46:37,480 1 INFO purchase_product_optional_demo werkzeug: 172.19.0.1 - - [28/Jul/2026 07:46:37] "GET /web/assets/ea3f3a8/web.assets_web.min.js HTTP/1.1" 200 - 11 0.007 1.643
2026-07-28 07:46:37,652 1 INFO purchase_product_optional_demo odoo.addons.base.models.assetsbundle: Generating a new asset bundle attachment /web/assets/ba037c6/bus.websocket_worker_assets.min.js (id:780) 
2026-07-28 07:46:37,657 1 INFO purchase_product_optional_demo werkzeug: 172.19.0.1 - - [28/Jul/2026 07:46:37] "GET /bus/websocket_worker_bundle?v=17.0-3 HTTP/1.1" 200 - 8 0.005 0.011
2026-07-28 07:46:37,662 1 INFO purchase_product_optional_demo odoo.addons.partner_autocomplete.models.res_company: Starting enrich of company YourCompany (1) 
2026-07-28 07:46:37,708 1 INFO purchase_product_optional_demo odoo.addons.iap.tools.iap_tools: iap jsonrpc https://partner-autocomplete.odoo.com/api/dnb/1/enrich_by_domain 
2026-07-28 07:46:37,715 1 INFO purchase_product_optional_demo werkzeug: 172.19.0.1 - - [28/Jul/2026 07:46:37] "POST /web/dataset/call_kw/res.users/systray_get_activities HTTP/1.1" 200 - 25 0.023 0.025
2026-07-28 07:46:37,716 1 INFO purchase_product_optional_demo werkzeug: 172.19.0.1 - - [28/Jul/2026 07:46:37] "POST /web/action/load HTTP/1.1" 200 - 6 0.014 0.022
2026-07-28 07:46:37,722 1 INFO purchase_product_optional_demo werkzeug: 172.19.0.1 - - [28/Jul/2026 07:46:37] "GET /websocket?version=17.0-3 HTTP/1.1" 101 - 1 0.001 0.016
2026-07-28 07:46:37,723 1 INFO purchase_product_optional_demo werkzeug: 172.19.0.1 - - [28/Jul/2026 07:46:37] "POST /mail/init_messaging HTTP/1.1" 200 - 56 0.051 0.021
2026-07-28 07:46:37,725 1 INFO purchase_product_optional_demo werkzeug: 172.19.0.1 - - [28/Jul/2026 07:46:37] "GET /web/image?model=res.users&field=avatar_128&id=2 HTTP/1.1" 200 - 16 0.020 0.016
2026-07-28 07:46:37,749 1 INFO purchase_product_optional_demo werkzeug: 172.19.0.1 - - [28/Jul/2026 07:46:37] "POST /mail/load_message_failures HTTP/1.1" 200 - 11 0.003 0.006
2026-07-28 07:46:37,764 1 INFO purchase_product_optional_demo werkzeug: 172.19.0.1 - - [28/Jul/2026 07:46:37] "POST /mail/inbox/messages HTTP/1.1" 200 - 7 0.003 0.003
2026-07-28 07:46:37,781 1 INFO purchase_product_optional_demo werkzeug: 172.19.0.1 - - [28/Jul/2026 07:46:37] "GET /discuss/channel/1/avatar_128?unique=99c6cb5a4ee79759030cc7d17ac4d8ebccad3e6f521b6cc7d313252b354b4756eb48cda283354a41d24b7f3758b35bb084bd6737c678c8fe3fa2043856519549 HTTP/1.1" 200 - 9 0.002 0.005
2026-07-28 07:46:38,090 1 INFO ? odoo.addons.bus.models.bus: Bus.loop listen imbus on db postgres 
2026-07-28 07:46:39,358 1 INFO purchase_product_optional_demo werkzeug: 172.19.0.1 - - [28/Jul/2026 07:46:39] "GET /web/service-worker.js HTTP/1.1" 200 - 1 0.000 0.002
2026-07-28 07:46:39,377 1 INFO purchase_product_optional_demo werkzeug: 172.19.0.1 - - [28/Jul/2026 07:46:39] "GET /web/offline HTTP/1.1" 200 - 6 0.002 0.007
2026-07-28 07:46:42,771 1 INFO purchase_product_optional_demo odoo.addons.iap.tools.iap_tools: iap jsonrpc https://partner-autocomplete.odoo.com/api/dnb/1/enrich_by_domain answered in 5.059323 seconds 
2026-07-28 07:46:42,819 1 INFO purchase_product_optional_demo werkzeug: 172.19.0.1 - - [28/Jul/2026 07:46:42] "POST /web/dataset/call_kw/res.company/iap_enrich_auto HTTP/1.1" 200 - 32 0.036 5.132
2026-07-28 07:46:46,990 1 INFO purchase_product_optional_demo odoo.addons.base.models.ir_cron: Starting job `Base: Auto-vacuum internal data`. 
2026-07-28 07:46:47,041 1 INFO purchase_product_optional_demo odoo.addons.base.models.ir_attachment: filestore gc 527 checked, 0 removed 
2026-07-28 07:46:47,089 1 INFO purchase_product_optional_demo odoo.addons.base.models.res_users: GC'd 0 user log entries 
2026-07-28 07:46:47,089 1 INFO purchase_product_optional_demo werkzeug: 172.19.0.1 - - [28/Jul/2026 07:46:47] "GET /odoo/purchase HTTP/1.1" 404 - 45 0.031 0.103
2026-07-28 07:46:47,116 1 INFO purchase_product_optional_demo odoo.addons.auth_totp.models.auth_totp: GC'd 0 totp devices entries 
2026-07-28 07:46:47,188 1 INFO purchase_product_optional_demo werkzeug: 172.19.0.1 - - [28/Jul/2026 07:46:47] "GET /logo.png?company=1 HTTP/1.1" 200 - 2 0.009 0.029
2026-07-28 07:46:47,251 1 INFO purchase_product_optional_demo odoo.addons.sms.models.sms_sms: GC'd 0 sms marked for deletion 
2026-07-28 07:46:47,253 1 INFO purchase_product_optional_demo werkzeug: 172.19.0.1 - - [28/Jul/2026 07:46:47] "GET /web_editor/shape/http_routing/404.svg?c2=o-color-2 HTTP/1.1" 400 - 19 0.022 0.078
2026-07-28 07:46:47,259 1 INFO ? werkzeug: 172.19.0.1 - - [28/Jul/2026 07:46:47] "GET /web/static/img/odoo_logo_tiny.png HTTP/1.1" 200 - 0 0.000 0.099
2026-07-28 07:46:47,307 1 INFO purchase_product_optional_demo odoo.addons.base.models.ir_cron: Job done: `Base: Auto-vacuum internal data` (0.314s). 
2026-07-28 07:46:47,312 1 INFO purchase_product_optional_demo odoo.addons.base.models.ir_cron: Starting job `Base: Portal Users Deletion`. 
2026-07-28 07:46:47,315 1 INFO purchase_product_optional_demo odoo.addons.base.models.ir_cron: Job done: `Base: Portal Users Deletion` (0.002s). 
2026-07-28 07:46:47,321 1 INFO purchase_product_optional_demo odoo.addons.base.models.ir_cron: Starting job `Mail: Email Queue Manager`. 
2026-07-28 07:46:47,324 1 INFO purchase_product_optional_demo odoo.addons.base.models.ir_cron: Job done: `Mail: Email Queue Manager` (0.003s). 
2026-07-28 07:46:47,331 1 INFO purchase_product_optional_demo odoo.addons.base.models.ir_cron: Starting job `Notification: Delete Notifications older than 6 Month`. 
2026-07-28 07:46:47,336 1 INFO purchase_product_optional_demo werkzeug: 172.19.0.1 - - [28/Jul/2026 07:46:47] "GET /website/translations/881444bb2e0ecf45757d289074b4f862c3b7b725 HTTP/1.1" 200 - 4 0.002 0.005
2026-07-28 07:46:47,336 1 INFO purchase_product_optional_demo odoo.addons.base.models.ir_cron: Job done: `Notification: Delete Notifications older than 6 Month` (0.004s). 
2026-07-28 07:46:47,342 1 INFO purchase_product_optional_demo odoo.addons.base.models.ir_cron: Starting job `Notification: Send scheduled message notifications`. 
2026-07-28 07:46:47,345 1 INFO purchase_product_optional_demo odoo.addons.base.models.ir_cron: Job done: `Notification: Send scheduled message notifications` (0.002s). 
2026-07-28 07:46:47,352 1 INFO purchase_product_optional_demo odoo.addons.base.models.ir_cron: Starting job `Mail: send web push notification`. 
2026-07-28 07:46:47,355 1 INFO purchase_product_optional_demo odoo.addons.base.models.ir_cron: Job done: `Mail: send web push notification` (0.002s). 
2026-07-28 07:46:47,360 1 INFO purchase_product_optional_demo odoo.addons.base.models.ir_cron: Starting job `Discuss: channel member unmute`. 
2026-07-28 07:46:47,363 1 INFO purchase_product_optional_demo odoo.addons.base.models.ir_cron: Job done: `Discuss: channel member unmute` (0.002s). 
2026-07-28 07:46:47,370 1 INFO purchase_product_optional_demo odoo.addons.base.models.ir_cron: Starting job `Users: Notify About Unregistered Users`. 
2026-07-28 07:46:47,374 1 INFO purchase_product_optional_demo odoo.addons.base.models.ir_cron: Job done: `Users: Notify About Unregistered Users` (0.003s). 
2026-07-28 07:46:47,379 1 INFO purchase_product_optional_demo odoo.addons.base.models.ir_cron: Starting job `Partner Autocomplete: Sync with remote DB`. 
2026-07-28 07:46:47,383 1 INFO purchase_product_optional_demo odoo.addons.base.models.ir_cron: Job done: `Partner Autocomplete: Sync with remote DB` (0.002s). 
2026-07-28 07:46:47,389 1 INFO purchase_product_optional_demo odoo.addons.base.models.ir_cron: Starting job `SMS: SMS Queue Manager`. 
2026-07-28 07:46:47,393 1 INFO purchase_product_optional_demo odoo.addons.base.models.ir_cron: Job done: `SMS: SMS Queue Manager` (0.002s). 
2026-07-28 07:46:47,399 1 INFO purchase_product_optional_demo odoo.addons.base.models.ir_cron: Starting job `Snailmail: process letters queue`. 
2026-07-28 07:46:47,403 1 INFO purchase_product_optional_demo odoo.addons.base.models.ir_cron: Job done: `Snailmail: process letters queue` (0.002s). 
2026-07-28 07:46:47,409 1 INFO purchase_product_optional_demo odoo.addons.base.models.ir_cron: Starting job `Send invoices automatically`. 
2026-07-28 07:46:47,413 1 INFO purchase_product_optional_demo odoo.addons.base.models.ir_cron: Job done: `Send invoices automatically` (0.002s). 
2026-07-28 07:46:47,419 1 INFO purchase_product_optional_demo odoo.addons.base.models.ir_cron: Starting job `Purchase reminder`. 
2026-07-28 07:46:47,427 1 INFO purchase_product_optional_demo odoo.addons.base.models.ir_cron: Job done: `Purchase reminder` (0.007s). 
2026-07-28 07:46:47,435 1 INFO purchase_product_optional_demo odoo.addons.base.models.ir_cron: Starting job `Sales: Send pending emails`. 
2026-07-28 07:46:47,438 1 INFO purchase_product_optional_demo odoo.addons.base.models.ir_cron: Job done: `Sales: Send pending emails` (0.002s). 
2026-07-28 07:47:05,122 1 INFO purchase_product_optional_demo werkzeug: 172.19.0.1 - - [28/Jul/2026 07:47:05] "GET /web HTTP/1.1" 200 - 11 0.004 0.012
2026-07-28 07:47:05,154 1 INFO purchase_product_optional_demo werkzeug: 172.19.0.1 - - [28/Jul/2026 07:47:05] "GET /web/manifest.webmanifest HTTP/1.1" 200 - 7 0.003 0.005
2026-07-28 07:47:05,309 1 INFO purchase_product_optional_demo werkzeug: 172.19.0.1 - - [28/Jul/2026 07:47:05] "GET /bus/websocket_worker_bundle?v=17.0-3 HTTP/1.1" 304 - 3 0.002 0.004
2026-07-28 07:47:05,349 1 INFO purchase_product_optional_demo werkzeug: 172.19.0.1 - - [28/Jul/2026 07:47:05] "POST /web/dataset/call_kw/res.users/systray_get_activities HTTP/1.1" 200 - 10 0.013 0.014
2026-07-28 07:47:05,351 1 INFO purchase_product_optional_demo werkzeug: 172.19.0.1 - - [28/Jul/2026 07:47:05] "GET /websocket?version=17.0-3 HTTP/1.1" 101 - 1 0.001 0.013
2026-07-28 07:47:05,356 1 INFO purchase_product_optional_demo werkzeug: 172.19.0.1 - - [28/Jul/2026 07:47:05] "POST /mail/init_messaging HTTP/1.1" 200 - 34 0.030 0.019
2026-07-28 07:47:05,357 1 INFO purchase_product_optional_demo werkzeug: 172.19.0.1 - - [28/Jul/2026 07:47:05] "POST /web/action/load HTTP/1.1" 200 - 6 0.009 0.013
2026-07-28 07:47:05,359 1 INFO purchase_product_optional_demo werkzeug: 172.19.0.1 - - [28/Jul/2026 07:47:05] "GET /web/image?model=res.users&field=avatar_128&id=2 HTTP/1.1" 304 - 9 0.013 0.014
2026-07-28 07:47:05,373 1 INFO purchase_product_optional_demo werkzeug: 172.19.0.1 - - [28/Jul/2026 07:47:05] "POST /mail/load_message_failures HTTP/1.1" 200 - 10 0.003 0.006
2026-07-28 07:47:05,393 1 INFO purchase_product_optional_demo werkzeug: 172.19.0.1 - - [28/Jul/2026 07:47:05] "POST /mail/inbox/messages HTTP/1.1" 200 - 4 0.002 0.004
2026-07-28 07:47:06,928 1 INFO purchase_product_optional_demo werkzeug: 172.19.0.1 - - [28/Jul/2026 07:47:06] "GET /web/service-worker.js HTTP/1.1" 200 - 1 0.000 0.002
2026-07-28 07:47:49,143 1 INFO purchase_product_optional_demo werkzeug: 172.19.0.1 - - [28/Jul/2026 07:47:49] "GET /web HTTP/1.1" 200 - 11 0.004 0.012
2026-07-28 07:47:49,253 1 INFO purchase_product_optional_demo werkzeug: 172.19.0.1 - - [28/Jul/2026 07:47:49] "GET /web/manifest.webmanifest HTTP/1.1" 200 - 7 0.003 0.006
2026-07-28 07:47:49,265 1 INFO purchase_product_optional_demo werkzeug: 172.19.0.1 - - [28/Jul/2026 07:47:49] "GET /bus/websocket_worker_bundle?v=17.0-3 HTTP/1.1" 304 - 3 0.004 0.005
2026-07-28 07:47:49,294 1 INFO purchase_product_optional_demo werkzeug: 172.19.0.1 - - [28/Jul/2026 07:47:49] "POST /mail/init_messaging HTTP/1.1" 200 - 34 0.017 0.019
2026-07-28 07:47:49,295 1 INFO purchase_product_optional_demo werkzeug: 172.19.0.1 - - [28/Jul/2026 07:47:49] "POST /web/dataset/call_kw/res.users/systray_get_activities HTTP/1.1" 200 - 10 0.005 0.010
2026-07-28 07:47:49,321 1 INFO purchase_product_optional_demo werkzeug: 172.19.0.1 - - [28/Jul/2026 07:47:49] "GET /websocket?version=17.0-3 HTTP/1.1" 101 - 1 0.002 0.016
2026-07-28 07:47:49,322 1 INFO purchase_product_optional_demo werkzeug: 172.19.0.1 - - [28/Jul/2026 07:47:49] "POST /web/action/load HTTP/1.1" 200 - 6 0.007 0.014
2026-07-28 07:47:49,324 1 INFO purchase_product_optional_demo werkzeug: 172.19.0.1 - - [28/Jul/2026 07:47:49] "GET /web/image?model=res.users&field=avatar_128&id=2 HTTP/1.1" 304 - 9 0.014 0.011
2026-07-28 07:47:49,328 1 INFO purchase_product_optional_demo werkzeug: 172.19.0.1 - - [28/Jul/2026 07:47:49] "POST /mail/load_message_failures HTTP/1.1" 200 - 10 0.009 0.012
2026-07-28 07:47:49,359 1 INFO purchase_product_optional_demo werkzeug: 172.19.0.1 - - [28/Jul/2026 07:47:49] "POST /mail/inbox/messages HTTP/1.1" 200 - 4 0.002 0.003
2026-07-28 07:47:51,059 1 INFO purchase_product_optional_demo werkzeug: 172.19.0.1 - - [28/Jul/2026 07:47:51] "GET /web/service-worker.js HTTP/1.1" 200 - 1 0.000 0.002
2026-07-28 07:49:22,860 1 INFO purchase_product_optional_demo werkzeug: 172.19.0.1 - - [28/Jul/2026 07:49:22] "GET /odoo HTTP/1.1" 404 - 8 0.003 0.010
2026-07-28 07:49:22,895 1 INFO purchase_product_optional_demo werkzeug: 172.19.0.1 - - [28/Jul/2026 07:49:22] "GET /logo.png?company=1 HTTP/1.1" 304 - 2 0.001 0.005
2026-07-28 07:49:22,907 1 INFO purchase_product_optional_demo werkzeug: 172.19.0.1 - - [28/Jul/2026 07:49:22] "GET /web_editor/shape/http_routing/404.svg?c2=o-color-2 HTTP/1.1" 400 - 10 0.005 0.011
2026-07-28 07:49:54,017 1 INFO purchase_product_optional_demo werkzeug: 172.19.0.1 - - [28/Jul/2026 07:49:54] "GET /web HTTP/1.1" 200 - 11 0.004 0.010
2026-07-28 07:49:54,072 1 INFO purchase_product_optional_demo werkzeug: 172.19.0.1 - - [28/Jul/2026 07:49:54] "GET /web/manifest.webmanifest HTTP/1.1" 200 - 7 0.003 0.005
2026-07-28 07:49:54,147 1 INFO purchase_product_optional_demo werkzeug: 172.19.0.1 - - [28/Jul/2026 07:49:54] "GET /bus/websocket_worker_bundle?v=17.0-3 HTTP/1.1" 304 - 3 0.001 0.004
2026-07-28 07:49:54,177 1 INFO purchase_product_optional_demo werkzeug: 172.19.0.1 - - [28/Jul/2026 07:49:54] "POST /mail/init_messaging HTTP/1.1" 200 - 34 0.011 0.017
2026-07-28 07:49:54,188 1 INFO purchase_product_optional_demo werkzeug: 172.19.0.1 - - [28/Jul/2026 07:49:54] "GET /websocket?version=17.0-3 HTTP/1.1" 101 - 1 0.000 0.011
2026-07-28 07:49:54,196 1 INFO purchase_product_optional_demo werkzeug: 172.19.0.1 - - [28/Jul/2026 07:49:54] "POST /web/action/load HTTP/1.1" 200 - 6 0.008 0.012
2026-07-28 07:49:54,205 1 INFO purchase_product_optional_demo werkzeug: 172.19.0.1 - - [28/Jul/2026 07:49:54] "POST /web/dataset/call_kw/res.users/systray_get_activities HTTP/1.1" 200 - 10 0.013 0.016
2026-07-28 07:49:54,208 1 INFO purchase_product_optional_demo werkzeug: 172.19.0.1 - - [28/Jul/2026 07:49:54] "GET /web/image?model=res.users&field=avatar_128&id=2 HTTP/1.1" 304 - 9 0.013 0.015
2026-07-28 07:49:54,212 1 INFO purchase_product_optional_demo werkzeug: 172.19.0.1 - - [28/Jul/2026 07:49:54] "POST /mail/load_message_failures HTTP/1.1" 200 - 10 0.012 0.014
2026-07-28 07:49:54,238 1 INFO purchase_product_optional_demo werkzeug: 172.19.0.1 - - [28/Jul/2026 07:49:54] "POST /mail/inbox/messages HTTP/1.1" 200 - 4 0.002 0.003
2026-07-28 07:49:54,716 1 INFO purchase_product_optional_demo werkzeug: 172.19.0.1 - - [28/Jul/2026 07:49:54] "POST /web/dataset/call_kw HTTP/1.1" 200 - 3 0.002 0.003
2026-07-28 07:49:55,760 1 INFO purchase_product_optional_demo werkzeug: 172.19.0.1 - - [28/Jul/2026 07:49:55] "GET /web/service-worker.js HTTP/1.1" 200 - 1 0.000 0.002
2026-07-28 07:49:59,443 1 INFO purchase_product_optional_demo werkzeug: 172.19.0.1 - - [28/Jul/2026 07:49:59] "POST /web/action/load HTTP/1.1" 200 - 10 0.002 0.006
2026-07-28 07:49:59,509 1 INFO purchase_product_optional_demo werkzeug: 172.19.0.1 - - [28/Jul/2026 07:49:59] "POST /web/dataset/call_kw/purchase.order/get_views HTTP/1.1" 200 - 89 0.020 0.036
2026-07-28 07:49:59,529 1 INFO purchase_product_optional_demo werkzeug: 172.19.0.1 - - [28/Jul/2026 07:49:59] "POST /web/dataset/call_kw/res.users/has_group HTTP/1.1" 200 - 2 0.001 0.005
2026-07-28 07:49:59,532 1 INFO purchase_product_optional_demo werkzeug: 172.19.0.1 - - [28/Jul/2026 07:49:59] "POST /web/dataset/call_kw/purchase.order/web_search_read HTTP/1.1" 200 - 6 0.003 0.007
2026-07-28 07:49:59,640 1 INFO purchase_product_optional_demo werkzeug: 172.19.0.1 - - [28/Jul/2026 07:49:59] "GET /web/image/res.users/2/avatar_128 HTTP/1.1" 200 - 9 0.005 0.012
2026-07-28 07:50:24,612 1 INFO purchase_product_optional_demo werkzeug: 172.19.0.1 - - [28/Jul/2026 07:50:24] "POST /web/action/load HTTP/1.1" 200 - 9 0.003 0.007
2026-07-28 07:50:24,723 1 INFO purchase_product_optional_demo werkzeug: 172.19.0.1 - - [28/Jul/2026 07:50:24] "POST /web/dataset/call_kw/product.template/get_views HTTP/1.1" 200 - 73 0.017 0.037
2026-07-28 07:50:24,749 1 INFO purchase_product_optional_demo werkzeug: 172.19.0.1 - - [28/Jul/2026 07:50:24] "POST /web/dataset/call_kw/product.template/web_search_read HTTP/1.1" 200 - 14 0.005 0.011
2026-07-28 07:50:24,817 1 INFO purchase_product_optional_demo werkzeug: 172.19.0.1 - - [28/Jul/2026 07:50:24] "GET /web/image?model=product.template&field=image_128&id=23&unique=1785224742000 HTTP/1.1" 200 - 11 0.004 0.010
2026-07-28 07:50:24,843 1 INFO purchase_product_optional_demo werkzeug: 172.19.0.1 - - [28/Jul/2026 07:50:24] "GET /web/image?model=product.template&field=image_128&id=30&unique=1785224745000 HTTP/1.1" 200 - 6 0.004 0.023
2026-07-28 07:50:24,845 1 INFO purchase_product_optional_demo werkzeug: 172.19.0.1 - - [28/Jul/2026 07:50:24] "GET /web/image?model=product.template&field=image_128&id=15&unique=1785224742000 HTTP/1.1" 200 - 6 0.006 0.025
2026-07-28 07:50:24,849 1 INFO purchase_product_optional_demo werkzeug: 172.19.0.1 - - [28/Jul/2026 07:50:24] "GET /web/image?model=product.template&field=image_128&id=10&unique=1785224742000 HTTP/1.1" 200 - 6 0.010 0.020
2026-07-28 07:50:24,850 1 INFO purchase_product_optional_demo werkzeug: 172.19.0.1 - - [28/Jul/2026 07:50:24] "GET /web/image?model=product.template&field=image_128&id=18&unique=1785224745000 HTTP/1.1" 200 - 6 0.010 0.020
2026-07-28 07:50:24,851 1 INFO purchase_product_optional_demo werkzeug: 172.19.0.1 - - [28/Jul/2026 07:50:24] "GET /web/image?model=product.template&field=image_128&id=16&unique=1785224745000 HTTP/1.1" 200 - 6 0.010 0.023
2026-07-28 07:50:24,852 1 INFO purchase_product_optional_demo werkzeug: 172.19.0.1 - - [28/Jul/2026 07:50:24] "GET /web/image?model=product.template&field=image_128&id=9&unique=1785224745000 HTTP/1.1" 200 - 6 0.006 0.023
2026-07-28 07:50:24,885 1 INFO purchase_product_optional_demo werkzeug: 172.19.0.1 - - [28/Jul/2026 07:50:24] "GET /web/image?model=product.template&field=image_128&id=24&unique=1785224742000 HTTP/1.1" 200 - 6 0.005 0.027
2026-07-28 07:50:24,886 1 INFO purchase_product_optional_demo werkzeug: 172.19.0.1 - - [28/Jul/2026 07:50:24] "GET /web/image?model=product.template&field=image_128&id=28&unique=1785224742000 HTTP/1.1" 200 - 6 0.010 0.017
2026-07-28 07:50:24,886 1 INFO purchase_product_optional_demo werkzeug: 172.19.0.1 - - [28/Jul/2026 07:50:24] "GET /web/image?model=product.template&field=image_128&id=21&unique=1785224742000 HTTP/1.1" 200 - 6 0.008 0.022
2026-07-28 07:50:24,887 1 INFO purchase_product_optional_demo werkzeug: 172.19.0.1 - - [28/Jul/2026 07:50:24] "GET /web/image?model=product.template&field=image_128&id=25&unique=1785224742000 HTTP/1.1" 200 - 6 0.008 0.020
2026-07-28 07:50:24,888 1 INFO purchase_product_optional_demo werkzeug: 172.19.0.1 - - [28/Jul/2026 07:50:24] "GET /web/image?model=product.template&field=image_128&id=3&unique=1785224742000 HTTP/1.1" 200 - 5 0.005 0.029
2026-07-28 07:50:24,898 1 INFO purchase_product_optional_demo werkzeug: 172.19.0.1 - - [28/Jul/2026 07:50:24] "GET /web/image?model=product.template&field=image_128&id=17&unique=1785224742000 HTTP/1.1" 200 - 6 0.007 0.026
2026-07-28 07:50:24,922 1 INFO purchase_product_optional_demo werkzeug: 172.19.0.1 - - [28/Jul/2026 07:50:24] "GET /web/image?model=product.template&field=image_128&id=22&unique=1785224742000 HTTP/1.1" 200 - 6 0.014 0.016
2026-07-28 07:50:24,923 1 INFO purchase_product_optional_demo werkzeug: 172.19.0.1 - - [28/Jul/2026 07:50:24] "GET /web/image?model=product.template&field=image_128&id=8&unique=1785224742000 HTTP/1.1" 200 - 6 0.012 0.014
2026-07-28 07:50:24,930 1 INFO purchase_product_optional_demo werkzeug: 172.19.0.1 - - [28/Jul/2026 07:50:24] "GET /web/image?model=product.template&field=image_128&id=11&unique=1785224742000 HTTP/1.1" 200 - 6 0.012 0.018
2026-07-28 07:50:24,930 1 INFO purchase_product_optional_demo werkzeug: 172.19.0.1 - - [28/Jul/2026 07:50:24] "GET /web/image?model=product.template&field=image_128&id=6&unique=1785224742000 HTTP/1.1" 200 - 6 0.017 0.020
2026-07-28 07:50:24,934 1 INFO purchase_product_optional_demo werkzeug: 172.19.0.1 - - [28/Jul/2026 07:50:24] "GET /web/image?model=product.template&field=image_128&id=26&unique=1785224742000 HTTP/1.1" 200 - 6 0.008 0.022
2026-07-28 07:50:24,939 1 INFO purchase_product_optional_demo werkzeug: 172.19.0.1 - - [28/Jul/2026 07:50:24] "GET /web/image?model=product.template&field=image_128&id=1&unique=1785224742000 HTTP/1.1" 200 - 5 0.013 0.031
2026-07-28 07:50:24,963 1 INFO purchase_product_optional_demo werkzeug: 172.19.0.1 - - [28/Jul/2026 07:50:24] "GET /web/image?model=product.template&field=image_128&id=14&unique=1785224742000 HTTP/1.1" 200 - 6 0.007 0.025
2026-07-28 07:50:24,964 1 INFO purchase_product_optional_demo werkzeug: 172.19.0.1 - - [28/Jul/2026 07:50:24] "GET /web/image?model=product.template&field=image_128&id=27&unique=1785224742000 HTTP/1.1" 200 - 6 0.009 0.021
2026-07-28 07:50:24,970 1 INFO purchase_product_optional_demo werkzeug: 172.19.0.1 - - [28/Jul/2026 07:50:24] "GET /web/image?model=product.template&field=image_128&id=12&unique=1785224742000 HTTP/1.1" 200 - 6 0.012 0.020
2026-07-28 07:50:24,977 1 INFO purchase_product_optional_demo werkzeug: 172.19.0.1 - - [28/Jul/2026 07:50:24] "GET /web/image?model=product.template&field=image_128&id=19&unique=1785224742000 HTTP/1.1" 200 - 6 0.008 0.021
2026-07-28 07:50:24,978 1 INFO purchase_product_optional_demo werkzeug: 172.19.0.1 - - [28/Jul/2026 07:50:24] "GET /web/image?model=product.template&field=image_128&id=2&unique=1785224742000 HTTP/1.1" 200 - 5 0.015 0.028
2026-07-28 07:50:24,985 1 INFO purchase_product_optional_demo werkzeug: 172.19.0.1 - - [28/Jul/2026 07:50:24] "GET /web/image?model=product.template&field=image_128&id=4&unique=1785224742000 HTTP/1.1" 200 - 5 0.012 0.032
2026-07-28 07:50:24,997 1 INFO purchase_product_optional_demo werkzeug: 172.19.0.1 - - [28/Jul/2026 07:50:24] "GET /web/image?model=product.template&field=image_128&id=13&unique=1785224742000 HTTP/1.1" 200 - 6 0.007 0.016
2026-07-28 07:50:24,997 1 INFO purchase_product_optional_demo werkzeug: 172.19.0.1 - - [28/Jul/2026 07:50:24] "GET /web/image?model=product.template&field=image_128&id=20&unique=1785224742000 HTTP/1.1" 200 - 6 0.013 0.014
2026-07-28 07:50:24,999 1 INFO purchase_product_optional_demo werkzeug: 172.19.0.1 - - [28/Jul/2026 07:50:24] "GET /web/image?model=product.template&field=image_128&id=29&unique=1785224742000 HTTP/1.1" 200 - 6 0.007 0.013
2026-07-28 07:50:25,006 1 INFO purchase_product_optional_demo werkzeug: 172.19.0.1 - - [28/Jul/2026 07:50:25] "GET /web/image?model=product.template&field=image_128&id=7&unique=1785224742000 HTTP/1.1" 200 - 6 0.005 0.011
2026-07-28 07:50:25,007 1 INFO purchase_product_optional_demo werkzeug: 172.19.0.1 - - [28/Jul/2026 07:50:25] "GET /web/image?model=product.template&field=image_128&id=5&unique=1785224742000 HTTP/1.1" 200 - 6 0.004 0.009
2026-07-28 07:50:34,117 1 INFO purchase_product_optional_demo werkzeug: 172.19.0.1 - - [28/Jul/2026 07:50:34] "POST /web/dataset/call_kw/product.template/web_read HTTP/1.1" 200 - 74 0.027 0.033
2026-07-28 07:50:34,172 1 INFO purchase_product_optional_demo werkzeug: 172.19.0.1 - - [28/Jul/2026 07:50:34] "POST /web/dataset/call_kw/product.category/check_access_rights HTTP/1.1" 200 - 1 0.001 0.003
2026-07-28 07:50:34,197 1 INFO purchase_product_optional_demo werkzeug: 172.19.0.1 - - [28/Jul/2026 07:50:34] "GET /web/bundle/web_editor.backend_assets_wysiwyg?lang=en_US HTTP/1.1" 200 - 7 0.002 0.015
2026-07-28 07:50:34,309 1 INFO purchase_product_optional_demo odoo.addons.base.models.assetsbundle: Generating a new asset bundle attachment /web/assets/e2789c0/web_editor.backend_assets_wysiwyg.min.css (id:781) 
2026-07-28 07:50:34,337 1 INFO purchase_product_optional_demo werkzeug: 172.19.0.1 - - [28/Jul/2026 07:50:34] "GET /web/assets/e2789c0/web_editor.backend_assets_wysiwyg.min.css HTTP/1.1" 200 - 8 0.007 0.126
2026-07-28 07:50:34,473 1 INFO purchase_product_optional_demo odoo.addons.base.models.assetsbundle: Generating a new asset bundle attachment /web/assets/54e3003/web_editor.backend_assets_wysiwyg.min.js (id:782) 
2026-07-28 07:50:34,477 1 INFO purchase_product_optional_demo werkzeug: 172.19.0.1 - - [28/Jul/2026 07:50:34] "GET /web/assets/54e3003/web_editor.backend_assets_wysiwyg.min.js HTTP/1.1" 200 - 8 0.004 0.268
2026-07-28 07:50:34,520 1 INFO purchase_product_optional_demo werkzeug: 172.19.0.1 - - [28/Jul/2026 07:50:34] "POST /web/dataset/call_kw/ir.ui.view/render_public_asset HTTP/1.1" 200 - 8 0.002 0.009
2026-07-28 07:50:34,598 1 INFO purchase_product_optional_demo werkzeug: 172.19.0.1 - - [28/Jul/2026 07:50:34] "POST /mail/thread/data HTTP/1.1" 200 - 24 0.010 0.010
2026-07-28 07:50:34,599 1 INFO purchase_product_optional_demo werkzeug: 172.19.0.1 - - [28/Jul/2026 07:50:34] "GET /web/image?model=product.template&id=9&field=image_128&unique=1785224745000 HTTP/1.1" 200 - 6 0.003 0.006
2026-07-28 07:50:34,613 1 INFO purchase_product_optional_demo werkzeug: 172.19.0.1 - - [28/Jul/2026 07:50:34] "POST /web/dataset/call_kw/ir.attachment/register_as_main_attachment HTTP/1.1" 200 - 5 0.003 0.004
2026-07-28 07:50:34,620 1 INFO purchase_product_optional_demo werkzeug: 172.19.0.1 - - [28/Jul/2026 07:50:34] "POST /mail/thread/messages HTTP/1.1" 200 - 24 0.008 0.010
2026-07-28 07:50:34,900 1 INFO purchase_product_optional_demo werkzeug: 172.19.0.1 - - [28/Jul/2026 07:50:34] "GET /web/image?field=avatar_128&id=2&model=res.partner&unique=2026-07-28%2007%3A45%3A40 HTTP/1.1" 200 - 7 0.002 0.008
2026-07-28 07:50:52,694 1 INFO ? werkzeug: 172.19.0.1 - - [28/Jul/2026 07:50:52] "GET /web/static/img/openhand.cur HTTP/1.1" 200 - 0 0.000 0.002
2026-07-28 07:51:07,838 1 INFO purchase_product_optional_demo werkzeug: 172.19.0.1 - - [28/Jul/2026 07:51:07] "POST /web/dataset/call_button HTTP/1.1" 200 - 7 0.003 0.004
2026-07-28 07:51:07,861 1 INFO purchase_product_optional_demo werkzeug: 172.19.0.1 - - [28/Jul/2026 07:51:07] "POST /web/dataset/call_kw/product.template.attribute.value/get_views HTTP/1.1" 200 - 18 0.005 0.011
2026-07-28 07:51:07,876 1 INFO purchase_product_optional_demo werkzeug: 172.19.0.1 - - [28/Jul/2026 07:51:07] "POST /web/dataset/call_kw/product.template.attribute.value/web_search_read HTTP/1.1" 200 - 9 0.003 0.006
2026-07-28 07:51:23,358 1 INFO purchase_product_optional_demo werkzeug: 172.19.0.1 - - [28/Jul/2026 07:51:23] "POST /web/action/load HTTP/1.1" 200 - 8 0.002 0.006
2026-07-28 07:51:23,392 1 INFO purchase_product_optional_demo werkzeug: 172.19.0.1 - - [28/Jul/2026 07:51:23] "POST /web/dataset/call_kw/product.attribute/get_views HTTP/1.1" 200 - 18 0.005 0.010
2026-07-28 07:51:23,400 1 INFO purchase_product_optional_demo werkzeug: 172.19.0.1 - - [28/Jul/2026 07:51:23] "POST /web/dataset/call_kw/product.attribute/web_search_read HTTP/1.1" 200 - 2 0.001 0.002
2026-07-28 07:51:31,620 1 INFO purchase_product_optional_demo werkzeug: 172.19.0.1 - - [28/Jul/2026 07:51:31] "POST /web/dataset/call_kw/product.attribute/web_read HTTP/1.1" 200 - 7 0.002 0.004
2026-07-28 07:51:45,935 1 INFO purchase_product_optional_demo werkzeug: 172.19.0.1 - - [28/Jul/2026 07:51:45] "POST /web/dataset/call_kw/product.attribute/onchange HTTP/1.1" 200 - 2 0.001 0.003
2026-07-28 07:51:54,984 1 INFO purchase_product_optional_demo werkzeug: 172.19.0.1 - - [28/Jul/2026 07:51:54] "POST /web/dataset/call_kw/product.attribute.value/onchange HTTP/1.1" 200 - 2 0.001 0.003
2026-07-28 07:52:12,830 1 INFO purchase_product_optional_demo werkzeug: 172.19.0.1 - - [28/Jul/2026 07:52:12] "POST /web/dataset/call_kw/product.attribute/web_save HTTP/1.1" 200 - 9 0.006 0.044
2026-07-28 07:52:20,726 1 INFO purchase_product_optional_demo werkzeug: 172.19.0.1 - - [28/Jul/2026 07:52:20] "POST /web/dataset/call_kw/product.template/web_read HTTP/1.1" 200 - 40 0.012 0.022
2026-07-28 07:52:20,787 1 INFO purchase_product_optional_demo werkzeug: 172.19.0.1 - - [28/Jul/2026 07:52:20] "POST /mail/thread/data HTTP/1.1" 200 - 17 0.005 0.009
2026-07-28 07:52:20,793 1 INFO purchase_product_optional_demo werkzeug: 172.19.0.1 - - [28/Jul/2026 07:52:20] "POST /mail/thread/messages HTTP/1.1" 200 - 4 0.002 0.003
2026-07-28 07:52:30,025 1 INFO purchase_product_optional_demo werkzeug: 172.19.0.1 - - [28/Jul/2026 07:52:30] "POST /web/dataset/call_kw/product.template.attribute.line/onchange HTTP/1.1" 200 - 2 0.001 0.003
2026-07-28 07:52:37,245 1 INFO purchase_product_optional_demo werkzeug: 172.19.0.1 - - [28/Jul/2026 07:52:37] "POST /web/dataset/call_kw/product.attribute/name_search HTTP/1.1" 200 - 2 0.003 0.010
2026-07-28 07:52:43,442 1 INFO purchase_product_optional_demo werkzeug: 172.19.0.1 - - [28/Jul/2026 07:52:43] "POST /web/dataset/call_kw/product.template.attribute.line/onchange HTTP/1.1" 200 - 4 0.003 0.009
2026-07-28 07:52:43,486 1 INFO purchase_product_optional_demo werkzeug: 172.19.0.1 - - [28/Jul/2026 07:52:43] "POST /web/dataset/call_kw/product.template/onchange HTTP/1.1" 200 - 34 0.013 0.023
2026-07-28 07:52:53,044 1 INFO purchase_product_optional_demo werkzeug: 172.19.0.1 - - [28/Jul/2026 07:52:53] "POST /web/dataset/call_kw/product.attribute.value/name_search HTTP/1.1" 200 - 2 0.001 0.003
2026-07-28 07:53:05,932 1 INFO purchase_product_optional_demo werkzeug: 172.19.0.1 - - [28/Jul/2026 07:53:05] "POST /web/dataset/call_kw/product.attribute.value/web_read HTTP/1.1" 200 - 2 0.001 0.003
2026-07-28 07:53:05,954 1 INFO purchase_product_optional_demo werkzeug: 172.19.0.1 - - [28/Jul/2026 07:53:05] "POST /web/dataset/call_kw/product.template.attribute.line/onchange HTTP/1.1" 200 - 5 0.002 0.006
2026-07-28 07:53:05,992 1 INFO purchase_product_optional_demo werkzeug: 172.19.0.1 - - [28/Jul/2026 07:53:05] "POST /web/dataset/call_kw/product.template/onchange HTTP/1.1" 200 - 35 0.011 0.021
2026-07-28 07:53:32,756 1 INFO purchase_product_optional_demo odoo.modules.registry: Caches invalidated, signaling through the database: ['default'] 
2026-07-28 07:53:32,759 1 INFO purchase_product_optional_demo werkzeug: 172.19.0.1 - - [28/Jul/2026 07:53:32] "POST /web/dataset/call_kw/product.template/web_save HTTP/1.1" 200 - 206 0.065 0.080
2026-07-28 07:53:32,774 1 INFO purchase_product_optional_demo werkzeug: 172.19.0.1 - - [28/Jul/2026 07:53:32] "POST /mail/thread/messages HTTP/1.1" 200 - 13 0.006 0.005
2026-07-28 07:53:32,789 1 INFO purchase_product_optional_demo werkzeug: 172.19.0.1 - - [28/Jul/2026 07:53:32] "GET /web/image?model=product.template&id=9&field=image_128&unique=1785225212000 HTTP/1.1" 200 - 6 0.003 0.007
2026-07-28 07:53:32,795 1 INFO purchase_product_optional_demo werkzeug: 172.19.0.1 - - [28/Jul/2026 07:53:32] "POST /mail/thread/data HTTP/1.1" 200 - 29 0.013 0.012
2026-07-28 07:53:52,746 1 INFO purchase_product_optional_demo werkzeug: 172.19.0.1 - - [28/Jul/2026 07:53:52] "POST /web/dataset/call_kw/product.supplierinfo/onchange HTTP/1.1" 200 - 9 0.003 0.005
2026-07-28 07:54:01,951 1 INFO purchase_product_optional_demo werkzeug: 172.19.0.1 - - [28/Jul/2026 07:54:01] "POST /web/dataset/call_kw/res.partner/name_search HTTP/1.1" 200 - 11 0.003 0.006
2026-07-28 07:54:10,029 1 INFO purchase_product_optional_demo werkzeug: 172.19.0.1 - - [28/Jul/2026 07:54:10] "POST /web/dataset/call_kw/product.supplierinfo/onchange HTTP/1.1" 200 - 5 0.002 0.005
2026-07-28 07:54:20,022 1 INFO purchase_product_optional_demo werkzeug: 172.19.0.1 - - [28/Jul/2026 07:54:20] "POST /web/dataset/call_kw/product.template/web_save HTTP/1.1" 200 - 59 0.020 0.032
2026-07-28 07:54:20,039 1 INFO purchase_product_optional_demo werkzeug: 172.19.0.1 - - [28/Jul/2026 07:54:20] "POST /mail/thread/messages HTTP/1.1" 200 - 4 0.004 0.006
2026-07-28 07:54:20,067 1 INFO purchase_product_optional_demo werkzeug: 172.19.0.1 - - [28/Jul/2026 07:54:20] "POST /mail/thread/data HTTP/1.1" 200 - 17 0.014 0.015
2026-07-28 07:54:20,068 1 INFO purchase_product_optional_demo werkzeug: 172.19.0.1 - - [28/Jul/2026 07:54:20] "GET /web/image?model=product.template&id=9&field=image_128&unique=1785225259000 HTTP/1.1" 200 - 6 0.004 0.008
2026-07-28 07:54:31,297 1 INFO purchase_product_optional_demo werkzeug: 172.19.0.1 - - [28/Jul/2026 07:54:31] "POST /web/dataset/call_kw/purchase.order/web_search_read HTTP/1.1" 200 - 7 0.002 0.007
2026-07-28 07:54:31,339 1 INFO purchase_product_optional_demo werkzeug: 172.19.0.1 - - [28/Jul/2026 07:54:31] "GET /web/image/res.users/2/avatar_128 HTTP/1.1" 304 - 13 0.005 0.009
2026-07-28 07:54:32,686 1 INFO purchase_product_optional_demo odoo.modules.registry: Caches invalidated, signaling through the database: ['default'] 
2026-07-28 07:54:32,688 1 INFO purchase_product_optional_demo werkzeug: 172.19.0.1 - - [28/Jul/2026 07:54:32] "POST /web/dataset/call_kw/purchase.order/onchange HTTP/1.1" 200 - 21 0.007 0.011
2026-07-28 07:54:32,776 1 INFO purchase_product_optional_demo werkzeug: 172.19.0.1 - - [28/Jul/2026 07:54:32] "GET /web/image?field=avatar_128&id=3&model=res.partner&unique=2026-07-28%2007%3A46%3A35 HTTP/1.1" 200 - 22 0.009 0.013
2026-07-28 07:54:43,054 1 INFO purchase_product_optional_demo werkzeug: 172.19.0.1 - - [28/Jul/2026 07:54:43] "POST /web/dataset/call_kw/res.partner/name_search HTTP/1.1" 200 - 12 0.005 0.010
2026-07-28 07:54:43,309 1 INFO ? werkzeug: 172.19.0.1 - - [28/Jul/2026 07:54:43] "GET /partner_autocomplete/static/lib/jsvat.js HTTP/1.1" 200 - 0 0.000 0.003
2026-07-28 07:54:43,313 1 INFO purchase_product_optional_demo werkzeug: 172.19.0.1 - - [28/Jul/2026 07:54:43] "POST /web/dataset/call_kw/res.partner/name_search HTTP/1.1" 200 - 4 0.002 0.006
2026-07-28 07:54:43,330 1 INFO purchase_product_optional_demo odoo.addons.iap.tools.iap_tools: iap jsonrpc https://partner-autocomplete.odoo.com/api/dnb/1/search_by_name 
2026-07-28 07:54:47,933 1 INFO purchase_product_optional_demo odoo.addons.iap.tools.iap_tools: iap jsonrpc https://partner-autocomplete.odoo.com/api/dnb/1/search_by_name answered in 4.600653 seconds 
2026-07-28 07:54:47,939 1 INFO purchase_product_optional_demo werkzeug: 172.19.0.1 - - [28/Jul/2026 07:54:47] "POST /web/dataset/call_kw/res.partner/autocomplete_by_name HTTP/1.1" 200 - 28 0.008 4.614
2026-07-28 07:54:51,496 1 INFO purchase_product_optional_demo werkzeug: 172.19.0.1 - - [28/Jul/2026 07:54:51] "POST /web/dataset/call_kw/purchase.order/onchange HTTP/1.1" 200 - 8 0.003 0.006
2026-07-28 07:54:52,573 1 INFO purchase_product_optional_demo werkzeug: 172.19.0.1 - - [28/Jul/2026 07:54:52] "POST /web/dataset/call_kw/purchase.order.line/onchange HTTP/1.1" 200 - 9 0.003 0.008
2026-07-28 07:55:02,231 1 INFO purchase_product_optional_demo werkzeug: 172.19.0.1 - - [28/Jul/2026 07:55:02] "POST /web/dataset/call_kw/product.template/name_search HTTP/1.1" 200 - 23 0.007 0.011
2026-07-28 07:55:11,242 1 INFO purchase_product_optional_demo werkzeug: 172.19.0.1 - - [28/Jul/2026 07:55:11] "POST /web/dataset/call_kw/purchase.order.line/onchange HTTP/1.1" 200 - 2 0.001 0.005
2026-07-28 07:55:11,275 1 INFO purchase_product_optional_demo werkzeug: 172.19.0.1 - - [28/Jul/2026 07:55:11] "POST /web/dataset/call_kw/product.template/get_single_product_variant HTTP/1.1" 200 - 4 0.004 0.004
2026-07-28 07:55:11,276 1 INFO purchase_product_optional_demo werkzeug: 172.19.0.1 - - [28/Jul/2026 07:55:11] "POST /web/dataset/call_kw/product.template/get_single_product_variant HTTP/1.1" 200 - 4 0.003 0.006
2026-07-28 07:55:11,321 1 INFO purchase_product_optional_demo werkzeug: 172.19.0.1 - - [28/Jul/2026 07:55:11] "POST /web/dataset/call_kw/purchase.order/onchange HTTP/1.1" 200 - 31 0.017 0.017
2026-07-28 07:55:11,331 1 INFO purchase_product_optional_demo werkzeug: 172.19.0.1 - - [28/Jul/2026 07:55:11] "POST /purchase_product_optional/get_values_purchase HTTP/1.1" 200 - 42 0.024 0.023
2026-07-28 07:55:11,357 1 INFO purchase_product_optional_demo werkzeug: 172.19.0.1 - - [28/Jul/2026 07:55:11] "POST /web/dataset/call_kw/purchase.order/onchange HTTP/1.1" 200 - 4 0.007 0.010
2026-07-28 07:55:11,381 1 INFO purchase_product_optional_demo werkzeug: 172.19.0.1 - - [28/Jul/2026 07:55:11] "POST /purchase_product_optional/get_values_purchase HTTP/1.1" 200 - 35 0.024 0.023
2026-07-28 07:55:11,461 1 INFO purchase_product_optional_demo werkzeug: 172.19.0.1 - - [28/Jul/2026 07:55:11] "POST /web/dataset/call_kw/product.template/search_read HTTP/1.1" 200 - 116 0.072 0.047
2026-07-28 07:55:11,461 1 INFO purchase_product_optional_demo werkzeug: 172.19.0.1 - - [28/Jul/2026 07:55:11] "POST /web/dataset/call_kw/product.template/search_read HTTP/1.1" 200 - 82 0.039 0.034
2026-07-28 07:55:11,474 1 INFO purchase_product_optional_demo werkzeug: 172.19.0.1 - - [28/Jul/2026 07:55:11] "POST /web/dataset/call_kw/product.template/search_read HTTP/1.1" 200 - 7 0.002 0.005
2026-07-28 07:55:11,486 1 INFO purchase_product_optional_demo werkzeug: 172.19.0.1 - - [28/Jul/2026 07:55:11] "POST /web/dataset/call_kw/product.supplierinfo/search_read HTTP/1.1" 200 - 5 0.001 0.004
2026-07-28 07:55:11,494 1 INFO purchase_product_optional_demo werkzeug: 172.19.0.1 - - [28/Jul/2026 07:55:11] "POST /web/dataset/call_kw/product.template/convert_price HTTP/1.1" 200 - 2 0.000 0.002
2026-07-28 07:55:11,507 1 INFO purchase_product_optional_demo werkzeug: 172.19.0.1 - - [28/Jul/2026 07:55:11] "POST /web/dataset/call_kw/product.template/search_read HTTP/1.1" 200 - 7 0.002 0.005
2026-07-28 07:55:11,519 1 INFO purchase_product_optional_demo werkzeug: 172.19.0.1 - - [28/Jul/2026 07:55:11] "POST /web/dataset/call_kw/product.supplierinfo/search_read HTTP/1.1" 200 - 5 0.001 0.004
2026-07-28 07:55:11,526 1 INFO purchase_product_optional_demo werkzeug: 172.19.0.1 - - [28/Jul/2026 07:55:11] "POST /web/dataset/call_kw/product.template/convert_price HTTP/1.1" 200 - 1 0.000 0.002
2026-07-28 07:55:11,588 1 INFO purchase_product_optional_demo werkzeug: 172.19.0.1 - - [28/Jul/2026 07:55:11] "GET /web/image/product.product/12/image_128 HTTP/1.1" 200 - 14 0.007 0.011
2026-07-28 07:55:11,588 1 INFO purchase_product_optional_demo werkzeug: 172.19.0.1 - - [28/Jul/2026 07:55:11] "GET /web/image/product.product/23/image_128 HTTP/1.1" 200 - 14 0.007 0.010
2026-07-28 07:55:52,724 1 INFO purchase_product_optional_demo werkzeug: 172.19.0.1 - - [28/Jul/2026 07:55:52] "POST /purchase_product_optional/get_optional_products HTTP/1.1" 200 - 16 0.006 0.011
2026-07-28 07:55:52,739 1 INFO purchase_product_optional_demo werkzeug: 172.19.0.1 - - [28/Jul/2026 07:55:52] "GET /web/image/product.product/95/image_128 HTTP/1.1" 200 - 8 0.002 0.006
2026-07-28 07:56:12,371 1 INFO purchase_product_optional_demo werkzeug: 172.19.0.1 - - [28/Jul/2026 07:56:12] "POST /web/dataset/call_kw/purchase.order.line/onchange HTTP/1.1" 200 - 62 0.022 0.035
2026-07-28 07:56:12,403 1 INFO purchase_product_optional_demo werkzeug: 172.19.0.1 - - [28/Jul/2026 07:56:12] "POST /web/dataset/call_kw/purchase.order.line/onchange HTTP/1.1" 200 - 25 0.007 0.015
2026-07-28 07:56:12,416 1 INFO purchase_product_optional_demo werkzeug: 172.19.0.1 - - [28/Jul/2026 07:56:12] "POST /web/dataset/call_kw/purchase.order.line/onchange HTTP/1.1" 200 - 3 0.001 0.005
2026-07-28 07:56:12,474 1 INFO purchase_product_optional_demo werkzeug: 172.19.0.1 - - [28/Jul/2026 07:56:12] "POST /web/dataset/call_kw/purchase.order.line/onchange HTTP/1.1" 200 - 53 0.016 0.030
2026-07-28 07:56:12,502 1 INFO purchase_product_optional_demo werkzeug: 172.19.0.1 - - [28/Jul/2026 07:56:12] "POST /web/dataset/call_kw/purchase.order/onchange HTTP/1.1" 200 - 19 0.006 0.012
2026-07-28 07:56:12,536 1 INFO purchase_product_optional_demo werkzeug: 172.19.0.1 - - [28/Jul/2026 07:56:12] "POST /web/dataset/call_kw/purchase.order.line/onchange HTTP/1.1" 200 - 27 0.007 0.015
2026-07-28 07:56:12,561 1 INFO purchase_product_optional_demo werkzeug: 172.19.0.1 - - [28/Jul/2026 07:56:12] "POST /web/dataset/call_kw/purchase.order/onchange HTTP/1.1" 200 - 15 0.004 0.011
2026-07-28 07:56:43,241 1 INFO purchase_product_optional_demo werkzeug: 172.19.0.1 - - [28/Jul/2026 07:56:43] "POST /web/dataset/call_kw/purchase.order/web_save HTTP/1.1" 200 - 57 0.020 0.030
2026-07-28 07:56:43,266 1 INFO purchase_product_optional_demo werkzeug: 172.19.0.1 - - [28/Jul/2026 07:56:43] "POST /web/dataset/call_kw/purchase.order/web_search_read HTTP/1.1" 200 - 6 0.003 0.008
2026-07-28 07:56:44,549 1 INFO purchase_product_optional_demo werkzeug: 172.19.0.1 - - [28/Jul/2026 07:56:44] "POST /web/dataset/call_kw/purchase.order/onchange HTTP/1.1" 200 - 9 0.003 0.008
2026-07-28 07:56:45,620 1 INFO purchase_product_optional_demo werkzeug: 172.19.0.1 - - [28/Jul/2026 07:56:45] "POST /web/dataset/call_kw/res.partner/name_search HTTP/1.1" 200 - 4 0.002 0.005
2026-07-28 07:56:45,888 1 INFO purchase_product_optional_demo werkzeug: 172.19.0.1 - - [28/Jul/2026 07:56:45] "POST /web/dataset/call_kw/res.partner/name_search HTTP/1.1" 200 - 4 0.003 0.005
2026-07-28 07:56:45,890 1 INFO purchase_product_optional_demo odoo.addons.iap.tools.iap_tools: iap jsonrpc https://partner-autocomplete.odoo.com/api/dnb/1/search_by_name 
2026-07-28 07:56:50,504 1 INFO purchase_product_optional_demo odoo.addons.iap.tools.iap_tools: iap jsonrpc https://partner-autocomplete.odoo.com/api/dnb/1/search_by_name answered in 4.611417 seconds 
2026-07-28 07:56:50,511 1 INFO purchase_product_optional_demo werkzeug: 172.19.0.1 - - [28/Jul/2026 07:56:50] "POST /web/dataset/call_kw/res.partner/autocomplete_by_name HTTP/1.1" 200 - 18 0.007 4.624
2026-07-28 07:56:59,885 1 INFO purchase_product_optional_demo werkzeug: 172.19.0.1 - - [28/Jul/2026 07:56:59] "POST /web/dataset/call_kw/purchase.order/onchange HTTP/1.1" 200 - 6 0.002 0.005
2026-07-28 07:57:00,969 1 INFO purchase_product_optional_demo werkzeug: 172.19.0.1 - - [28/Jul/2026 07:57:00] "POST /web/dataset/call_kw/purchase.order.line/onchange HTTP/1.1" 200 - 3 0.001 0.006
2026-07-28 07:57:10,164 1 INFO purchase_product_optional_demo werkzeug: 172.19.0.1 - - [28/Jul/2026 07:57:10] "POST /web/dataset/call_kw/product.template/name_search HTTP/1.1" 200 - 3 0.001 0.004
2026-07-28 07:57:10,678 1 INFO purchase_product_optional_demo werkzeug: 172.19.0.1 - - [28/Jul/2026 07:57:10] "POST /web/dataset/call_kw/product.template/name_search HTTP/1.1" 200 - 14 0.005 0.009
2026-07-28 07:57:19,916 1 INFO purchase_product_optional_demo werkzeug: 172.19.0.1 - - [28/Jul/2026 07:57:19] "POST /web/dataset/call_kw/purchase.order.line/onchange HTTP/1.1" 200 - 2 0.001 0.011
2026-07-28 07:57:22,000 1 INFO purchase_product_optional_demo werkzeug: 172.19.0.1 - - [28/Jul/2026 07:57:22] "POST /web/dataset/call_kw/product.template/get_single_product_variant HTTP/1.1" 200 - 4 0.005 0.006
2026-07-28 07:57:22,000 1 INFO purchase_product_optional_demo werkzeug: 172.19.0.1 - - [28/Jul/2026 07:57:22] "POST /web/dataset/call_kw/product.template/get_single_product_variant HTTP/1.1" 200 - 4 0.003 0.007
2026-07-28 07:57:22,042 1 INFO purchase_product_optional_demo werkzeug: 172.19.0.1 - - [28/Jul/2026 07:57:22] "POST /web/dataset/call_kw/purchase.order/onchange HTTP/1.1" 200 - 23 0.014 0.020
2026-07-28 07:57:22,063 1 INFO purchase_product_optional_demo werkzeug: 172.19.0.1 - - [28/Jul/2026 07:57:22] "POST /purchase_product_optional/get_values_purchase HTTP/1.1" 200 - 35 0.022 0.023
2026-07-28 07:57:22,073 1 INFO purchase_product_optional_demo werkzeug: 172.19.0.1 - - [28/Jul/2026 07:57:22] "POST /web/dataset/call_kw/purchase.order/onchange HTTP/1.1" 200 - 4 0.003 0.008
2026-07-28 07:57:22,103 1 INFO purchase_product_optional_demo werkzeug: 172.19.0.1 - - [28/Jul/2026 07:57:22] "POST /purchase_product_optional/get_values_purchase HTTP/1.1" 200 - 35 0.016 0.028
2026-07-28 07:57:22,170 1 INFO purchase_product_optional_demo werkzeug: 172.19.0.1 - - [28/Jul/2026 07:57:22] "POST /web/dataset/call_kw/product.template/search_read HTTP/1.1" 200 - 77 0.023 0.037
2026-07-28 07:57:22,185 1 INFO purchase_product_optional_demo werkzeug: 172.19.0.1 - - [28/Jul/2026 07:57:22] "POST /web/dataset/call_kw/product.template/search_read HTTP/1.1" 200 - 7 0.002 0.006
2026-07-28 07:57:22,202 1 INFO purchase_product_optional_demo werkzeug: 172.19.0.1 - - [28/Jul/2026 07:57:22] "POST /web/dataset/call_kw/product.supplierinfo/search_read HTTP/1.1" 200 - 5 0.003 0.007
2026-07-28 07:57:22,215 1 INFO purchase_product_optional_demo werkzeug: 172.19.0.1 - - [28/Jul/2026 07:57:22] "POST /web/dataset/call_kw/product.template/convert_price HTTP/1.1" 200 - 1 0.000 0.002
2026-07-28 07:57:22,232 1 INFO purchase_product_optional_demo werkzeug: 172.19.0.1 - - [28/Jul/2026 07:57:22] "POST /web/dataset/call_kw/product.template/search_read HTTP/1.1" 200 - 7 0.002 0.006
2026-07-28 07:57:22,245 1 INFO purchase_product_optional_demo werkzeug: 172.19.0.1 - - [28/Jul/2026 07:57:22] "POST /web/dataset/call_kw/product.supplierinfo/search_read HTTP/1.1" 200 - 5 0.002 0.005
2026-07-28 07:57:22,255 1 INFO purchase_product_optional_demo werkzeug: 172.19.0.1 - - [28/Jul/2026 07:57:22] "POST /web/dataset/call_kw/product.template/convert_price HTTP/1.1" 200 - 1 0.000 0.002
2026-07-28 07:57:51,813 1 INFO purchase_product_optional_demo werkzeug: 172.19.0.1 - - [28/Jul/2026 07:57:51] "GET /web/image/product.product/23/image_128 HTTP/1.1" 304 - 8 0.006 0.010
2026-07-28 07:57:51,814 1 INFO purchase_product_optional_demo werkzeug: 172.19.0.1 - - [28/Jul/2026 07:57:51] "GET /web/image/product.product/12/image_128 HTTP/1.1" 304 - 8 0.005 0.013
2026-07-28 08:01:24,341 1 INFO purchase_product_optional_demo werkzeug: 172.19.0.1 - - [28/Jul/2026 08:01:24] "POST /web/dataset/call_kw/purchase.order/onchange HTTP/1.1" 200 - 52 0.023 0.044
2026-07-28 08:01:39,452 1 INFO purchase_product_optional_demo werkzeug: 172.19.0.1 - - [28/Jul/2026 08:01:39] "POST /purchase_product_optional/get_optional_products HTTP/1.1" 200 - 15 0.005 0.010
2026-07-28 08:01:39,463 1 INFO purchase_product_optional_demo werkzeug: 172.19.0.1 - - [28/Jul/2026 08:01:39] "GET /web/image/product.product/23/image_128 HTTP/1.1" 304 - 8 0.002 0.007
2026-07-28 08:01:39,477 1 INFO purchase_product_optional_demo werkzeug: 172.19.0.1 - - [28/Jul/2026 08:01:39] "GET /web/image/product.product/95/image_128 HTTP/1.1" 304 - 8 0.002 0.006
2026-07-28 08:01:45,741 1 INFO purchase_product_optional_demo werkzeug: 172.19.0.1 - - [28/Jul/2026 08:01:45] "POST /web/dataset/call_kw/purchase.order.line/onchange HTTP/1.1" 200 - 51 0.018 0.035
2026-07-28 08:01:45,769 1 INFO purchase_product_optional_demo werkzeug: 172.19.0.1 - - [28/Jul/2026 08:01:45] "POST /web/dataset/call_kw/purchase.order.line/onchange HTTP/1.1" 200 - 25 0.007 0.014
2026-07-28 08:01:45,784 1 INFO purchase_product_optional_demo werkzeug: 172.19.0.1 - - [28/Jul/2026 08:01:45] "POST /web/dataset/call_kw/purchase.order.line/onchange HTTP/1.1" 200 - 3 0.001 0.006
2026-07-28 08:01:45,849 1 INFO purchase_product_optional_demo werkzeug: 172.19.0.1 - - [28/Jul/2026 08:01:45] "POST /web/dataset/call_kw/purchase.order.line/onchange HTTP/1.1" 200 - 52 0.017 0.031
2026-07-28 08:01:45,875 1 INFO purchase_product_optional_demo werkzeug: 172.19.0.1 - - [28/Jul/2026 08:01:45] "POST /web/dataset/call_kw/purchase.order/onchange HTTP/1.1" 200 - 15 0.005 0.013
2026-07-28 08:01:45,914 1 INFO purchase_product_optional_demo werkzeug: 172.19.0.1 - - [28/Jul/2026 08:01:45] "POST /web/dataset/call_kw/purchase.order.line/onchange HTTP/1.1" 200 - 27 0.008 0.017
2026-07-28 08:01:45,938 1 INFO purchase_product_optional_demo werkzeug: 172.19.0.1 - - [28/Jul/2026 08:01:45] "POST /web/dataset/call_kw/purchase.order/onchange HTTP/1.1" 200 - 15 0.004 0.012
2026-07-28 08:04:58,131 1 INFO purchase_product_optional_demo werkzeug: 172.19.0.1 - - [28/Jul/2026 08:04:58] "POST /web/dataset/call_kw/product.template/get_formview_action HTTP/1.1" 200 - 1 0.001 0.005
2026-07-28 08:04:58,180 1 INFO purchase_product_optional_demo werkzeug: 172.19.0.1 - - [28/Jul/2026 08:04:58] "POST /web/dataset/call_kw/purchase.order/web_save HTTP/1.1" 200 - 38 0.015 0.028
2026-07-28 08:04:58,234 1 INFO purchase_product_optional_demo werkzeug: 172.19.0.1 - - [28/Jul/2026 08:04:58] "POST /web/dataset/call_kw/product.template/get_views HTTP/1.1" 200 - 62 0.017 0.027
2026-07-28 08:04:58,281 1 INFO purchase_product_optional_demo werkzeug: 172.19.0.1 - - [28/Jul/2026 08:04:58] "POST /web/dataset/call_kw/product.template/web_read HTTP/1.1" 200 - 44 0.014 0.024
2026-07-28 08:04:58,346 1 INFO purchase_product_optional_demo werkzeug: 172.19.0.1 - - [28/Jul/2026 08:04:58] "POST /mail/thread/data HTTP/1.1" 200 - 20 0.010 0.011
2026-07-28 08:04:58,351 1 INFO purchase_product_optional_demo werkzeug: 172.19.0.1 - - [28/Jul/2026 08:04:58] "GET /web/image?model=product.template&id=16&field=image_128&unique=1785224745000 HTTP/1.1" 200 - 6 0.005 0.010
2026-07-28 08:04:58,376 1 INFO purchase_product_optional_demo werkzeug: 172.19.0.1 - - [28/Jul/2026 08:04:58] "POST /mail/thread/messages HTTP/1.1" 200 - 25 0.009 0.014
2026-07-28 08:05:10,738 1 INFO purchase_product_optional_demo werkzeug: 172.19.0.1 - - [28/Jul/2026 08:05:10] "POST /web/dataset/call_kw/purchase.order/web_read HTTP/1.1" 200 - 39 0.017 0.025
2026-07-28 08:05:10,800 1 INFO purchase_product_optional_demo werkzeug: 172.19.0.1 - - [28/Jul/2026 08:05:10] "POST /mail/thread/data HTTP/1.1" 200 - 24 0.008 0.011
2026-07-28 08:05:10,816 1 INFO purchase_product_optional_demo werkzeug: 172.19.0.1 - - [28/Jul/2026 08:05:10] "POST /mail/thread/messages HTTP/1.1" 200 - 20 0.006 0.009
2026-07-28 08:06:00,924 1 INFO purchase_product_optional_demo werkzeug: 172.19.0.1 - - [28/Jul/2026 08:06:00] "POST /web/dataset/call_kw/purchase.order.line/onchange HTTP/1.1" 200 - 4 0.002 0.008
2026-07-28 08:06:07,091 1 INFO purchase_product_optional_demo werkzeug: 172.19.0.1 - - [28/Jul/2026 08:06:07] "POST /web/dataset/call_kw/product.template/name_search HTTP/1.1" 200 - 3 0.003 0.013
2026-07-28 08:06:07,364 1 INFO purchase_product_optional_demo werkzeug: 172.19.0.1 - - [28/Jul/2026 08:06:07] "POST /web/dataset/call_kw/product.template/name_search HTTP/1.1" 200 - 14 0.006 0.009
2026-07-28 08:06:12,656 1 INFO purchase_product_optional_demo werkzeug: 172.19.0.1 - - [28/Jul/2026 08:06:12] "POST /web/dataset/call_kw/purchase.order.line/onchange HTTP/1.1" 200 - 4 0.002 0.008
2026-07-28 08:06:12,684 1 INFO purchase_product_optional_demo werkzeug: 172.19.0.1 - - [28/Jul/2026 08:06:12] "POST /web/dataset/call_kw/product.template/get_single_product_variant HTTP/1.1" 200 - 4 0.004 0.006
2026-07-28 08:06:12,684 1 INFO purchase_product_optional_demo werkzeug: 172.19.0.1 - - [28/Jul/2026 08:06:12] "POST /web/dataset/call_kw/product.template/get_single_product_variant HTTP/1.1" 200 - 4 0.004 0.005
2026-07-28 08:06:12,738 1 INFO purchase_product_optional_demo werkzeug: 172.19.0.1 - - [28/Jul/2026 08:06:12] "POST /purchase_product_optional/get_values_purchase HTTP/1.1" 200 - 35 0.023 0.021
2026-07-28 08:06:12,746 1 INFO purchase_product_optional_demo werkzeug: 172.19.0.1 - - [28/Jul/2026 08:06:12] "POST /web/dataset/call_kw/purchase.order/onchange HTTP/1.1" 200 - 49 0.029 0.027
2026-07-28 08:06:12,833 1 INFO purchase_product_optional_demo werkzeug: 172.19.0.1 - - [28/Jul/2026 08:06:12] "POST /purchase_product_optional/get_values_purchase HTTP/1.1" 200 - 35 0.029 0.023
2026-07-28 08:06:12,848 1 INFO purchase_product_optional_demo werkzeug: 172.19.0.1 - - [28/Jul/2026 08:06:12] "POST /web/dataset/call_kw/purchase.order/onchange HTTP/1.1" 200 - 27 0.034 0.031
2026-07-28 08:06:12,878 1 INFO purchase_product_optional_demo werkzeug: 172.19.0.1 - - [28/Jul/2026 08:06:12] "POST /web/dataset/call_kw/product.template/search_read HTTP/1.1" 200 - 77 0.066 0.036
2026-07-28 08:06:12,919 1 INFO purchase_product_optional_demo werkzeug: 172.19.0.1 - - [28/Jul/2026 08:06:12] "POST /web/dataset/call_kw/product.template/search_read HTTP/1.1" 200 - 77 0.037 0.040
2026-07-28 08:06:12,931 1 INFO purchase_product_optional_demo werkzeug: 172.19.0.1 - - [28/Jul/2026 08:06:12] "POST /web/dataset/call_kw/product.template/search_read HTTP/1.1" 200 - 7 0.002 0.005
2026-07-28 08:06:12,943 1 INFO purchase_product_optional_demo werkzeug: 172.19.0.1 - - [28/Jul/2026 08:06:12] "POST /web/dataset/call_kw/product.supplierinfo/search_read HTTP/1.1" 200 - 5 0.001 0.004
2026-07-28 08:06:12,950 1 INFO purchase_product_optional_demo werkzeug: 172.19.0.1 - - [28/Jul/2026 08:06:12] "POST /web/dataset/call_kw/product.template/convert_price HTTP/1.1" 200 - 1 0.000 0.002
2026-07-28 08:06:12,962 1 INFO purchase_product_optional_demo werkzeug: 172.19.0.1 - - [28/Jul/2026 08:06:12] "POST /web/dataset/call_kw/product.template/search_read HTTP/1.1" 200 - 7 0.002 0.005
2026-07-28 08:06:12,974 1 INFO purchase_product_optional_demo werkzeug: 172.19.0.1 - - [28/Jul/2026 08:06:12] "POST /web/dataset/call_kw/product.supplierinfo/search_read HTTP/1.1" 200 - 5 0.002 0.005
2026-07-28 08:06:12,981 1 INFO purchase_product_optional_demo werkzeug: 172.19.0.1 - - [28/Jul/2026 08:06:12] "POST /web/dataset/call_kw/product.template/convert_price HTTP/1.1" 200 - 1 0.000 0.002
2026-07-28 08:06:13,007 1 INFO purchase_product_optional_demo werkzeug: 172.19.0.1 - - [28/Jul/2026 08:06:13] "GET /web/image/product.product/12/image_128 HTTP/1.1" 304 - 8 0.005 0.007
2026-07-28 08:06:13,007 1 INFO purchase_product_optional_demo werkzeug: 172.19.0.1 - - [28/Jul/2026 08:06:13] "GET /web/image/product.product/23/image_128 HTTP/1.1" 304 - 8 0.005 0.008
2026-07-28 08:06:24,433 1 INFO purchase_product_optional_demo werkzeug: 172.19.0.1 - - [28/Jul/2026 08:06:24] "POST /web/dataset/call_kw/purchase.order/onchange HTTP/1.1" 200 - 65 0.026 0.046
2026-07-28 08:06:30,437 1 INFO purchase_product_optional_demo werkzeug: 172.19.0.1 - - [28/Jul/2026 08:06:30] "POST /purchase_product_optional/get_optional_products HTTP/1.1" 200 - 15 0.006 0.011
2026-07-28 08:06:30,465 1 INFO purchase_product_optional_demo werkzeug: 172.19.0.1 - - [28/Jul/2026 08:06:30] "GET /web/image/product.product/95/image_128 HTTP/1.1" 304 - 8 0.002 0.007
2026-07-28 08:06:49,416 1 INFO purchase_product_optional_demo werkzeug: 172.19.0.1 - - [28/Jul/2026 08:06:49] "POST /web/dataset/call_kw/purchase.order.line/onchange HTTP/1.1" 200 - 53 0.031 0.052
2026-07-28 08:06:49,455 1 INFO purchase_product_optional_demo werkzeug: 172.19.0.1 - - [28/Jul/2026 08:06:49] "POST /web/dataset/call_kw/purchase.order.line/onchange HTTP/1.1" 200 - 27 0.009 0.019
2026-07-28 08:07:01,185 1 INFO purchase_product_optional_demo werkzeug: 172.19.0.1 - - [28/Jul/2026 08:07:01] "POST /web/dataset/call_kw/purchase.order/web_save HTTP/1.1" 200 - 57 0.019 0.034
2026-07-28 08:07:01,211 1 INFO purchase_product_optional_demo werkzeug: 172.19.0.1 - - [28/Jul/2026 08:07:01] "POST /mail/thread/messages HTTP/1.1" 200 - 22 0.010 0.009
2026-07-28 08:07:01,213 1 INFO purchase_product_optional_demo werkzeug: 172.19.0.1 - - [28/Jul/2026 08:07:01] "POST /mail/thread/data HTTP/1.1" 200 - 18 0.008 0.010
2026-07-28 08:17:01,521 1 INFO purchase_product_optional_demo odoo.service.server: Initiating shutdown 
2026-07-28 08:17:01,523 1 INFO purchase_product_optional_demo odoo.service.server: Hit CTRL-C again or send a second signal to force the shutdown. 
2026-07-28 08:17:02,062 1 INFO purchase_product_optional_demo odoo.sql_db: ConnectionPool(used=0/count=0/max=64): Closed 3 connections  
